address,appCount,id,name,node,network
0x011a080c970cfe78150a70141b24d45b2f5b5a76,2,0x011a080c970cfe78150a70141b24d45b2f5b5a76,dcl-list,0x1140ead91a63facf298a963dd4bb9904cec93057a7f66a8e6e9a3d4a7f1ce6d4,mainnet
0x01f9d9ad8461bb509c73f7ed641030eb07e5582a,4,0x01f9d9ad8461bb509c73f7ed641030eb07e5582a,voting-aggregator,0x818d8ea9df3dca764232c22548318a98f82f388b760b4b5abe80a4b40f9b2076,mainnet
0x020d93d08c09f82763862606d8c6927e295e7cf8,1,0x020d93d08c09f82763862606d8c6927e295e7cf8,pnetwork-voting,0x9260bf6a9c9e6c72c752ae2148b70a0e01c8aef8647622cc64e7b71a79d1c934,mainnet
0x02ac0be6c48e0b241eb479744ccc047e05270950,1,0x02ac0be6c48e0b241eb479744ccc047e05270950,rewards-cd,0x0b0344c7020f280f3bd721c709ffc5b76646a540558d08caaceea9cdbb518d19,mainnet
0x046b42000594a879db857ec8d6dc4340b99ab14e,1,0x046b42000594a879db857ec8d6dc4340b99ab14e,althea,0x33ec2d92fc47b5383901b8a3856d208d3a66104fa46c4a06f3f97536e9b6fc5b,mainnet
0x084980425774ff79a6d23806b22f6f8d74c51545,0,0x084980425774ff79a6d23806b22f6f8d74c51545,whitelist-oracle,0x32ceb944f61770acf9d24fe42fd7ad630d08049a3b80b1475b120ab23569ba92,mainnet
0x08b4a92603003385d3bba134e059406fd4590c58,0,0x08b4a92603003385d3bba134e059406fd4590c58,apm-repo,0x7b4f7602faf178a4a239b8b2ed4155358e256b08ee7c6b6b1b01ebec891ce1f1,mainnet
0x0a9be50c24f8536fa11d17a77d0baa4290f720fc,155,0x0a9be50c24f8536fa11d17a77d0baa4290f720fc,projects,0xac5c7cc8f4ed07bb3543b5a4152c4f1a045e1be68bd86e2cf6720b680d1d14f3,mainnet
0x0ad013f4cec8abc51fab36f2b5c364f1e5940c25,0,0x0ad013f4cec8abc51fab36f2b5c364f1e5940c25,dandelion-org-template,0x534b69e1f887c1c0fb59f5b0fd13a38f631435371c78122d040c5524822e63b1,mainnet
0x0b31f92a16b8f680a52cbd4ee9ff5a49178ef3d5,1,0x0b31f92a16b8f680a52cbd4ee9ff5a49178ef3d5,cybervesting,0xb3898b383ac8a6bae742b41163ced5666086e3e367be1b3de9251c2dbc45d412,mainnet
0x113fb12ab67f51899bc55b715dc442985bc2a500,1,0x113fb12ab67f51899bc55b715dc442985bc2a500,challenge-app,0x67c5438d71d05e58f99e88d6fb61ea5356b0f57106d3aba65c823267cc1cd07e,mainnet
0x12ccf2830f54b865f6d97aa0bc18897baec02185,1631,0x12ccf2830f54b865f6d97aa0bc18897baec02185,voting,0x9fa3927f639745e587912d4b0fea7ef9013bf93fb907d29faeab57417ba6e1d4,mainnet
0x130f692e5241f71e7e0d9a20dc462a4559ebefbf,1,0x130f692e5241f71e7e0d9a20dc462a4559ebefbf,mars-address-book,0x8e90b6b6752c1feddd209d46690c04b532e0ebb3a251b2b309d1032b2a0ec187,mainnet
0x133f95228798e55dd7b5e36253fd2ff3fa3a8e53,1,0x133f95228798e55dd7b5e36253fd2ff3fa3a8e53,futarchy,0xe1103655b21eaf74209e26bc58ee715bc639ce36e18741f2ce83d3210a785186,mainnet
0x13bc8afe80b7a1911b8c7cd37a0eb23097093025,0,0x13bc8afe80b7a1911b8c7cd37a0eb23097093025,about,0xc73e096ecfea4357683b6c24b1053a23678e022b46a8945ce88b54f0560be8ed,mainnet
0x14211fb510d8737d717b522ea668b1962f4a2083,1,0x14211fb510d8737d717b522ea668b1962f4a2083,steroids,0x6a53a2bdbe329bfa2f9d1f974d6acf928bff100ef9a4a56c82824f6903975acd,mainnet
0x173a1a8f259964e0c0ffd5f4ae4e365b47ebf398,0,0x173a1a8f259964e0c0ffd5f4ae4e365b47ebf398,company-template,0x213d899ef6188141f0e7f1f4b5a15bd0b542d1708a9a840f9ebf18f7db36eda5,mainnet
0x1774f2ce71587f6d8c9b0b87d92af16b283bba68,0,0x1774f2ce71587f6d8c9b0b87d92af16b283bba68,daonuts-template1,0xf1ebe9629c98345ec39bb391acdc3e232e036f09700aa08b2ae71bc43e2f1271,mainnet
0x184230981a0b1958960303dd75190f805bf95ef1,1,0x184230981a0b1958960303dd75190f805bf95ef1,wallem-migration-app,0xc9aaaff06c447b2d608e2926e1f7ead0e49e2ed0c6c0f716a841a3862236f7ca,mainnet
0x1c161bb13ecc94e0ce66de15bf77a26bedc9d6c1,0,0x1c161bb13ecc94e0ce66de15bf77a26bedc9d6c1,aracon-tickets,0x2741774bcb1edeae353bcd55cf2bd2ba4b308a1a61527f57c5a5f4baf9ee143a,mainnet
0x1c197aff1a32fd62418cdeedeca00de8085faea5,1,0x1c197aff1a32fd62418cdeedeca00de8085faea5,mybit-operators,0x75c4c5a1b220ce85192c7358f25d1a33319eaa1e464891576fdeeb9660c5fb11,mainnet
0x1fe9e2ca520967521f644caa87c5aed34bd6e049,157,0x1fe9e2ca520967521f644caa87c5aed34bd6e049,rewards,0x3ca69801a60916e9222ceb2fa3089b3f66b4e1b3fc49f4a562043d9ec1e5a00b,mainnet
0x20db90fb59d9cb74456ad3ce2c70249d5bd8df8a,1,0x20db90fb59d9cb74456ad3ce2c70249d5bd8df8a,cyberauction,0x7d9a0e9523a9f617c1b16588b4c2365cd331ca2e83ba785d79136358163c18a0,mainnet
0x29607b07b4bc8bf4323524bc2ab328a7f3610c85,0,0x29607b07b4bc8bf4323524bc2ab328a7f3610c85,company-board-template,0xd158675a4d282d950247b92b785608933eafe91b2d0e675d1db1628d8f66d26d,mainnet
0x29acdba5a864e1aac4703b349e65cb0cc4451e61,0,0x29acdba5a864e1aac4703b349e65cb0cc4451e61,reputation-template,0x8376ecf72485efc3ac6fb0c4972f55959aa3508d2e2e7ccce49795718f1458dc,mainnet
0x2dab32a4befc9cd6221796ece92e98137c13647a,1672,0x2dab32a4befc9cd6221796ece92e98137c13647a,finance,0xbf8491150dafc5dcaee5b861414dca922de09ccffa344964ae167212e8c673ae,mainnet
0x332b3b1cf8ac077ca919e9e2bd0005a7707eae95,0,0x332b3b1cf8ac077ca919e9e2bd0005a7707eae95,apm-registry,0x9246c13028477a8d2ad871dc5039e7ddedf698521137444347cb8554d947d01e,mainnet
0x34aa02db4e0e62debd27712d7620edc730ac595f,0,0x34aa02db4e0e62debd27712d7620edc730ac595f,apm-registry,0x223348daf8c4c25e37391a661f4502a94de5e52ee77a83c6214937049c79f222,mainnet
0x3518a469c197ddcb2ed94f8f1cfd35553d7c2139,6,0x3518a469c197ddcb2ed94f8f1cfd35553d7c2139,transactions,0x9c07a4acc33bb86d9015eb9fcf1506f0d7d8acff4143eb5cd26bfbe12fcb01e3,mainnet
0x3771701d0bcfdff6d90a88b1cc8c1664e1284095,0,0x3771701d0bcfdff6d90a88b1cc8c1664e1284095,ppf-factory,0x4af946ecfb5450a9c340effcc63363dae98f80f11ed8ea80f587fb4212d4df3f,mainnet
0x38542c46e2d18c6ef2e182f76edc87412e013472,1,0x38542c46e2d18c6ef2e182f76edc87412e013472,mars-allocations,0x780ca254239be612f3e7cc8d3145fb2c55de3c165dea52af2088d475b16eb22e,mainnet
0x3a4c5d890631ed23f03dea201f7b1d71e44ad1df,0,0x3a4c5d890631ed23f03dea201f7b1d71e44ad1df,mytestapp9,0xb244fb9d52c3ef3f2d552f054402a80fb2c0e93e82d743364effeacb2315f8bb,mainnet
0x3b977530bf95fbc6bba1e81010326fdd13b222c3,1,0x3b977530bf95fbc6bba1e81010326fdd13b222c3,about,0xc5dc24db02e4fa7866752fadcd38b600d9a7b04d03e06a5469937aaf56f76d8e,mainnet
0x3ecaa825577a0ad5904b6a99fcaeebe7f2443650,1,0x3ecaa825577a0ad5904b6a99fcaeebe7f2443650,mars-rewards,0x5cb83b4e3d1e4ddfdca49d3d2e2b2acfda4cf48b8f4b6cea0af6d3606e0f4219,mainnet
0x4357bc4dbb24ad759795ccecfd04d7c1bbaec650,5,0x4357bc4dbb24ad759795ccecfd04d7c1bbaec650,simpleminter,0x35b070a4bb9c6c88c9611a2446e2f7e18701f6bd8648c28e8b67c025df1b8c9a,mainnet
0x44b5f3eb21d14f2fc78272e1fb251381df00cdfa,0,0x44b5f3eb21d14f2fc78272e1fb251381df00cdfa,daonuts-template1-apps,0x338e30976fd9d1e355a8c1ba2c9867f8ee304ebc0851ae6b14bc50592c53102e,mainnet
0x47789ba7f8158cc5456ff7ad85b2ee193c02cebf,1,0x47789ba7f8158cc5456ff7ad85b2ee193c02cebf,mytokens,0x1b09d0f539b6bd0d5dfe6c2969284b97a33de493a33c67e4c9ed83494fa767b2,mainnet
0x4aa5d6622c7fe568dd3a20026c25e688194ee1be,155,0x4aa5d6622c7fe568dd3a20026c25e688194ee1be,allocations,0x370ef8036e8769f293a3d9c1362d0e21bdfa4e0465d2cd9cf196ebd4ba75aa8b,mainnet
0x4ad905c21f70cbb065760dd5fe1e1cf6befd54e6,1,0x4ad905c21f70cbb065760dd5fe1e1cf6befd54e6,pitch-token-wrapper,0xf79a0b0ad111fdcc7baa60c8a49da9d4cb765df5e998958ed3a4b3dfed8ab643,mainnet
0x4c2c27c3c6ffe9ef82b4b99849a9ec757a92063d,0,0x4c2c27c3c6ffe9ef82b4b99849a9ec757a92063d,reward3,0x5047640c6e24d6b3d1a9414bfcca67b45329eee9e9a406c9e1ce182205ed98b3,mainnet
0x52ac38791ef1561b172ca89d7115f178d058e57b,424,0x52ac38791ef1561b172ca89d7115f178d058e57b,agent,0x9ac98dc5f995bf0211ed589ef022719d1487e5cb2bab505676f0d084c07cf89a,mainnet
0x542fd348a8039eb81262b9f5bde28e292090c497,0,0x542fd348a8039eb81262b9f5bde28e292090c497,apm-enssub,0xb0ac22e61db2d74aee32d9c24978e837b27a782e76dbca2425f4fcc2c36519a3,mainnet
0x5726f2611276c586c5393d81b58f4bdac36503a9,1,0x5726f2611276c586c5393d81b58f4bdac36503a9,myid,0xfaae01aac8327e9ad53662b6097833f1b64b290e7f89ec61dd309778033a81fb,mainnet
0x5a2c9d871f5ac6f06f2045ab06995a9556e86fbc,1717,0x5a2c9d871f5ac6f06f2045ab06995a9556e86fbc,token-manager,0x6b20a3010614eeebf2138ccec99f028a61c811b3b1a3343b6ff635985c75c91f,mainnet
0x5cc4b3ee1ca961e9d38c514b3545d23e1da7fc30,3,0x5cc4b3ee1ca961e9d38c514b3545d23e1da7fc30,compound,0x077168ac65c0c4019beaa9d9804bad32d3aec85e3b950a5826c2cb08f061c571,mainnet
0x5d47d1786d68c91c43ac21b3a9e485cac2b50644,161,0x5d47d1786d68c91c43ac21b3a9e485cac2b50644,address-book,0x32ec8cc9f3136797e0ae30e7bf3740905b0417b81ff6d4a74f6100f9037425de,mainnet
0x5e2bc4bbfdf21227c80a7a579e4c6d99267bd92e,76,0x5e2bc4bbfdf21227c80a7a579e4c6d99267bd92e,time-lock,0xfa94e850d73f1ae02876509afa1d8a303352a42378b81d085dd888ae0883fedd,mainnet
0x5eefc0dc0ea9e2ece39b851f8658b254c536ed2d,0,0x5eefc0dc0ea9e2ece39b851f8658b254c536ed2d,curve-voting,0xeb6456a3265f78ce6fde3699758e05229aaa42022303cba209b715b311045a7c,mainnet
0x60381246d298a96e59cc10777d9726409ab362c0,1,0x60381246d298a96e59cc10777d9726409ab362c0,oracle-manager,0xe4bb4b1d055158b9259fa4cf33f50aa4f578dadcbf30d9b517db7430918daf8f,mainnet
0x62dbeea2b036a2f507e805ce153a585de14f5873,0,0x62dbeea2b036a2f507e805ce153a585de14f5873,bare-kit,0xf5ac5461dc6e4b6382eea8c2bc0d0d47c346537a4cb19fba07e96d7ef0edc5c0,mainnet
0x666e66b562d56881d61019c604047033837dbb57,1,0x666e66b562d56881d61019c604047033837dbb57,airdrop-duo-app,0xa9e4c5b47fe3f0e61f6a7a045848bf59d44a5eaad3fbb6274929030a2030797d,mainnet
0x675638e918e353563d45045cf4f0b654fcdd3796,0,0x675638e918e353563d45045cf4f0b654fcdd3796,apm-enssub,0x60cd779f4dc0820db164ecc193d2e7dd1a813b00f25295bc09610bf4cdca9761,mainnet
0x67723aad2e8483e2faeffa6be1daa85291818e29,0,0x67723aad2e8483e2faeffa6be1daa85291818e29,apm-registry,0x9089af016eb74d66811e1c39c1eef86fdcdb84b5665a4884ebf62339c2613991,mainnet
0x6a48bcd53ec1f6fefefa253232c3e847605bf8a4,0,0x6a48bcd53ec1f6fefefa253232c3e847605bf8a4,mytestapp987,0x774c8d4cfdf5c06214c2a19ff20e08c4dc281f95eb0cae108debdd89c77fcaf7,mainnet
0x6a6ce0fbea5185dc5d2781480fc48edea57f815b,1,0x6a6ce0fbea5185dc5d2781480fc48edea57f815b,agentmod1,0x9e214ba9ed1dc18a216e47847d099ab1bc1a404358b9db8287f08b32f8c4596d,mainnet
0x6b02a404ff1a08ee1de4ce05fa1e6a18a5123f99,3,0x6b02a404ff1a08ee1de4ce05fa1e6a18a5123f99,uniswap,0x6462a4eaf83a2a0ee0a82364882720a4a46a47ffb33daf1ea6ab2a7f88e192c9,mainnet
0x6c5e9f93a0f33a58b681e7f0f3f3adc686b01f51,1,0x6c5e9f93a0f33a58b681e7f0f3f3adc686b01f51,voteminter,0x2530ea7c64ab3d6e77054fc5b7d556da1c48ce656b83c281cf45b6c72ea82bf3,mainnet
0x6e70701ebaba4df0a2467bed7bf4bd5192b77fc0,1,0x6e70701ebaba4df0a2467bed7bf4bd5192b77fc0,tipping-app,0x2d550bdd0046ce7aa5f255924dc9665972f04f1563519485689baf371e8d224b,mainnet
0x6f2a90b36873fbba599def087d53c3de705a86bc,1,0x6f2a90b36873fbba599def087d53c3de705a86bc,mars-projects,0xf84ebb50630d99b4ae11c0a2cbdd782214a84d589ce08520293a3796ddffef2e,mainnet
0x71e7cb237b592f628337d190ee67458fdeedbb8e,2,0x71e7cb237b592f628337d190ee67458fdeedbb8e,gardens-token-manager,0x26bb91b115bf14acbdc18d75042e165321eceeb3d10d852386576bbd0ec11519,mainnet
0x7303fc75bdd8490e1a09f2cdd92eb796d272fe61,1,0x7303fc75bdd8490e1a09f2cdd92eb796d272fe61,livepeer,0x668fe7ef9366b1f27e1e18a59fd2cdec041ad223e3506bf0cb6d1ab981781e75,mainnet
0x75b16321d48ed234b82aa5a9088874c3e3bf561f,1,0x75b16321d48ed234b82aa5a9088874c3e3bf561f,agreement,0x15a969a0e134d745b604fb43f699bb5c146424792084c198d53050c4d08126d1,mainnet
0x768b2940a01e8ecc63e1a41d0f9f80a780fc90a0,76,0x768b2940a01e8ecc63e1a41d0f9f80a780fc90a0,token-balance-oracle,0x0a5ab13bb7e2c1e82f13f08629f600dc59d147e24e1c85a2ed845c92fd1d52bd,mainnet
0x7999240b6413ecc825c23b4a3ca4d6b7e49e44a5,0,0x7999240b6413ecc825c23b4a3ca4d6b7e49e44a5,bare-template,0xec860f1419202808b9210ffcf93635621120af898b7a8a270c34e77cd8111858,mainnet
0x7bea3af330ff7844129adbfe402173c00a8e659b,2,0x7bea3af330ff7844129adbfe402173c00a8e659b,harberger-app,0xe2998d9700224635282e9c2da41222441463aa25bcf3bb5252b716e3c6045f95,mainnet
0x8163e48160d32f24431c70752bc3b007875946ca,0,0x8163e48160d32f24431c70752bc3b007875946ca,apm-enssub,0xb43e04b3d80a04ed04b103c95b826c84132cabf9d328d36a5cc89cd862ffc35c,mainnet
0x816743e6f7465ccf0b3fdd93ea9a3739e88696ed,96,0x816743e6f7465ccf0b3fdd93ea9a3739e88696ed,redemptions,0x743bd419d5c9061290b181b19e114f36e9cc9ddb42b4e54fc811edb22eb85e9d,mainnet
0x82fa3140173ce93e77c92f15c22f9c9328945455,0,0x82fa3140173ce93e77c92f15c22f9c9328945455,fundraising-multisig-template,0x970394d64ff74f619eadc05d8fdce78fb953a89d74e03137f726c1abd3b3f090,mainnet
0x83829ccc6c939c427fc2ae8f5f50e2a75591f346,0,0x83829ccc6c939c427fc2ae8f5f50e2a75591f346,apm-repo,0xccc91ca1a7f40ee472647075e2b1307a9c9299e990070b9d34a5b623c33f061f,mainnet
0x860fb3d451ea4cf3f49347e7f06365218ce4b514,3,0x860fb3d451ea4cf3f49347e7f06365218ce4b514,aragonnft,0x7c4845179a0928d3ddcd4dbed4e708069173b5952a5ab3ea16d343bd20c1c43c,mainnet
0x86636927fad793820edff7ac2a817bb2b05c68d1,1,0x86636927fad793820edff7ac2a817bb2b05c68d1,cyberevangelism,0x6e3a53d7fd2595c7ece712ac569eca18549a62f584c22e309b929106e545e0a0,mainnet
0x8701c98966d1159bcb775d70de2787c4d7417397,0,0x8701c98966d1159bcb775d70de2787c4d7417397,multisig-kit,0xc3a10310135ed8e3c1136411624fbf6144c31af2d603723f521741618134b45c,mainnet
0x88dd8e1afc6ad6e66e055cb8a5b21a609bd3f40c,1,0x88dd8e1afc6ad6e66e055cb8a5b21a609bd3f40c,catalyst,0xb444306a013af75415066c84adf69f7ee4c6306c8a28065af0e5eb7220cc38c9,mainnet
0x89722e61b46ebdb0ec66c26dfb8fe4821d245109,1,0x89722e61b46ebdb0ec66c26dfb8fe4821d245109,disputable-voting,0x39aa9e500efe56efda203714d12c78959ecbf71223162614ab5b56eaba014145,mainnet
0x8b1c86d23cf605fa45b30ae36fec7ed10e51bafb,1,0x8b1c86d23cf605fa45b30ae36fec7ed10e51bafb,subscribe-app,0xb6461185219d266fa4eb5f1acad9b08a010bfd1e1f6a45fe3e169f161d8d5af1,mainnet
0x8cdd739365b4bd14f3715dcca20f66d998c76d21,3,0x8cdd739365b4bd14f3715dcca20f66d998c76d21,reward,0xc6c2d3caefe7ab24c28640be91145b9dcbccdf8280f5cd5f124beebc76f0db36,mainnet
0x925074e53b106fcc1e4b8ed0be0cf5546d4cc425,0,0x925074e53b106fcc1e4b8ed0be0cf5546d4cc425,aragon,0x65cd9560255c8d782f716c6345658ae1e79791e829c60c5f6cb175f3645acf70,mainnet
0x933c8920bb67dd8e3a845187f77766584579ee1f,1,0x933c8920bb67dd8e3a845187f77766584579ee1f,voting-rewards,0x3e55205d77d748c700b32946450b8a5288b34f89c19d8749f4de7543090f8dcc,mainnet
0x940c1da79d8703b150ec3f92a0924cf7555163b7,1,0x940c1da79d8703b150ec3f92a0924cf7555163b7,conviction-beta,0xe4691f497f5e74daf61612cea2d5a540b095805872218eaa9108aa5fd76779a2,mainnet
0x9aab7602e8a66b8ad5cc7f17cf47b8d390127878,25,0x9aab7602e8a66b8ad5cc7f17cf47b8d390127878,aragon-fundraising,0x668ac370eed7e5861234d1c0a1e512686f53594fcb887e5bcecc35675a4becac,mainnet
0x9d59a820fc706bb1072611e00a8e24e460a4c391,0,0x9d59a820fc706bb1072611e00a8e24e460a4c391,apm-repo,0xd395f05f028f9ea5aa56f1e30798c8da684ec9b6edbe52221a9d734bc1591694,mainnet
0x9f4cbe8f7c628ccb1bad0007445babb7d09de45e,1,0x9f4cbe8f7c628ccb1bad0007445babb7d09de45e,mars-dot-voting,0xae433c0938e7b9fefc7f07a48c5d6d0d3a02baf9d8a0ca9eaae98dbf0cba7f89,mainnet
0xa1d1cee70e80780be68c96ee1ce3de93a1785ced,25,0xa1d1cee70e80780be68c96ee1ce3de93a1785ced,tap,0x82967efab7144b764bc9bca2f31a721269b6618c0ff4e50545737700a5e9c9dc,mainnet
0xa9851943b1b643816e094156f7e7e822295ce446,1,0xa9851943b1b643816e094156f7e7e822295ce446,balance-redirect-presale,0x48361b4c873d034ec84268a195d412cf39969c26f09b3520478aa29e08033a3a,mainnet
0xaaf58bd5f8644fe3ceef400be53e5eed85a11617,0,0xaaf58bd5f8644fe3ceef400be53e5eed85a11617,bancor-formula,0xd71dde5e4bea1928026c1779bde7ed27bd7ef3d0ce9802e4117631eb6fa4ed7d,mainnet
0xaff00e598b0940a22dd7fdd2b0df287143539a5b,1,0xaff00e598b0940a22dd7fdd2b0df287143539a5b,pie-migration-app,0xf79ba0f13f51a474d75333c94f08f8dec7c78de4aa8fba86a6408977b9b5d60d,mainnet
0xb244d6ff676eac86036545ca642e852df033ed11,0,0xb244d6ff676eac86036545ca642e852df033ed11,apm-repo,0xf254443da20ea3d6bad4fa45ddd197dd713255675d3304106f889682e479f9c0,mainnet
0xb64a898aa313e8e40b4ce16e964f0120e9fc5ee4,76,0xb64a898aa313e8e40b4ce16e964f0120e9fc5ee4,dandelion-voting,0x2d7442e1c4cb7a7013aecc419f938bdfa55ad32d90002fb92ee5969e27b2bf07,mainnet
0xb64d6e88bf208de3cbb7ef03d6d2c948295ec71e,3,0xb64d6e88bf208de3cbb7ef03d6d2c948295ec71e,token-wrapper,0xdab7adb04b01d9a3f85331236b5ce8f5fdc5eecb1eebefb6129bc7ace10de7bd,mainnet
0xb85c01739799497913f86062a375aa055ac3dba9,25,0xb85c01739799497913f86062a375aa055ac3dba9,presale,0x5de9bbdeaf6584c220c7b7f1922383bcd8bbcd4b48832080afd9d5ebf9a04df5,mainnet
0xb8e8eef7a884118dc58cb4bdc976327cf8173d19,0,0xb8e8eef7a884118dc58cb4bdc976327cf8173d19,alllocations-cd,0x6d47fe55bc4d70b6ee02816654837cc21c387e57013710fd78372d70686e1b79,mainnet
0xbdfaeb3bb59abb7789b0ecf9f6482c05baced187,1,0xbdfaeb3bb59abb7789b0ecf9f6482c05baced187,allocations-cd,0xa48dd5a76ff92ba1d0f2ddf94b2d6ed3f6c4a4e33fd5c0a4d61dc4345126fbaa,mainnet
0xbe9921f2ac25f4990b7d3eb5da6576a4db808e62,1,0xbe9921f2ac25f4990b7d3eb5da6576a4db808e62,curv-fundraising,0x5fc8fca88a696fa79cf16460ed65d5ab1181e24a79c34c66848b71051ed65ea6,mainnet
0xc136c0ab0c1f459856d8bc59e8779adf7423d2cf,0,0xc136c0ab0c1f459856d8bc59e8779adf7423d2cf,dictatorship-template,0xaf91426ea247afc85105c76b21495298287f3e5712420e74c5301fb7fe421149,mainnet
0xc2c3c09b7077e3811d3d2387fe89965b851e8cb9,3,0xc2c3c09b7077e3811d3d2387fe89965b851e8cb9,ens,0xc6fbc81528a886a31b56ad956d34ad2cdeccd83a3f0cbe2a9292d90b3ac622a5,mainnet
0xcc069c7dedcac7bc73741868a6261016dd2fbbb1,0,0xcc069c7dedcac7bc73741868a6261016dd2fbbb1,membership-template,0x6864ee8dc223b263a8f3f1fefd78dccf7d70dc52b4ac9e7e236709e7cf7afc1f,mainnet
0xced7f8294dd8fff551e60593d0c7bffff0d11d61,0,0xced7f8294dd8fff551e60593d0c7bffff0d11d61,open-enterprise-template,0xaddcb9da025d37233542fcd5f947a55eaf3ecdefd3d0022b99d806752a433491,mainnet
0xd06d3a386d027a888cc82e29bf9d5a156296ab5a,1,0xd06d3a386d027a888cc82e29bf9d5a156296ab5a,capped-voting-app,0xc255a5b08654df1ec932ab5c2e0d7b58809eb0499b6ea6a46a3029051b648446,mainnet
0xd3a973080c6eff25a20ef3cca474d160628939e7,1,0xd3a973080c6eff25a20ef3cca474d160628939e7,staking-manager,0xedb5ea4f88decb72573d91f58bdea055efdd71c61a6699a56261ab771853b8db,mainnet
0xd461886059dc6a06dc052474ac9bc2fd172465db,160,0xd461886059dc6a06dc052474ac9bc2fd172465db,dot-voting,0x6bf2b7dbfbb51844d0d6fdc211b014638011261157487ccfef5c2e4fb26b1d7e,mainnet
0xd4e1524b0a8ae0486f482aac91b1773e6b760568,2,0xd4e1524b0a8ae0486f482aac91b1773e6b760568,begreen,0x0e09875218d59e9ed7f5c25ce03700367eff8e8eec4413dbb30a45472b64663e,mainnet
0xddf73721e535c98f496b80894d20a79d4e0e38c3,1,0xddf73721e535c98f496b80894d20a79d4e0e38c3,conviction-experimental,0x670bc272429f66855cd77e6611489c3b85394be578b0b047d449324a96450f72,mainnet
0xe21bce6151bcc60efdbb08b71914c21791102913,0,0xe21bce6151bcc60efdbb08b71914c21791102913,survey,0x030b2ab880b88e228f2da5a3d19a2a31bc10dbf91fb1143776a6de489389471e,mainnet
0xe3dadc75cc90b9ed3ed72126ba24e79f9b4c2a6f,0,0xe3dadc75cc90b9ed3ed72126ba24e79f9b4c2a6f,open-enterprise-template,0x1b6c2f2dce3d7efa73ec227ca5e6c08a6e660c0c8becfe8afa052deffd4c172c,mainnet
0xe5cbf0786494680ef35fc6e51b08cbb4f4c638ae,103,0xe5cbf0786494680ef35fc6e51b08cbb4f4c638ae,token-request,0x35202e36ef42162f9847025dfc040c60bfa5d7c5c373cb28e30849e1db16ba77,mainnet
0xe661fd71886b43290a5d0d8ee68e1bce652d4df3,0,0xe661fd71886b43290a5d0d8ee68e1bce652d4df3,apm-registry,0x93ab6178bbe9f99efbaa8e3354e99711cf06a53d1c1e88a292c749bebd060337,mainnet
0xe73671913a7860c0fbdc3987871c1eff732916bf,1336,0xe73671913a7860c0fbdc3987871c1eff732916bf,vault,0x7e852e0fcfce6551c13800f1e7476f982525c2b5277ba14b24339c68416336d1,mainnet
0xe8535db8c4979b51b36eee0f2a6596af7bacb65d,1,0xe8535db8c4979b51b36eee0f2a6596af7bacb65d,burn-app,0xfbc8cad344a25b407241630c307f5826b262da41b32784d4a595b2744b9a9cf8,mainnet
0xf1bdbf1c69024fa1abfd9f021ececfc387bd001d,26,0xf1bdbf1c69024fa1abfd9f021ececfc387bd001d,batched-bancor-market-maker,0xc2bb88ab974c474221f15f691ed9da38be2f5d37364180cec05403c656981bf0,mainnet
0xf1fbf477021d976a16224a5ca42967a04c3586ec,4,0xf1fbf477021d976a16224a5ca42967a04c3586ec,crv-voting,0x2436adbbb3230545df6846695013211d36736f647c91b302b9591e5e2d013485,mainnet
0xf59f72c5b91894557300914389845861fbddd781,0,0xf59f72c5b91894557300914389845861fbddd781,apm-enssub,0x120b9946feab5db65dd4d43014a6f10fe8e2591066e18e5abed9f2978ae682a6,mainnet
0xf9930746b6e355154ba80f11f7715da7048edc7c,5,0xf9930746b6e355154ba80f11f7715da7048edc7c,delay,0x1c2b93ad1c4d4302f0169c8f596ce518e4a3324b1fed90c2d80a549a072bcd4e,mainnet
0xf9b54d977363c670c74cb37ab1130806e41b3425,0,0xf9b54d977363c670c74cb37ab1130806e41b3425,democracy-kit,0x5f980d55f6e56e620cf35b2c016540a1e0a30113042355df46deaeb51625e5ee,mainnet
0xfedb471777977f52375463a50a57d6bfc641144b,0,0xfedb471777977f52375463a50a57d6bfc641144b,token-manager,0xc568f11b5218b4d75fdc69c471ebdcffcb59025cc9119abfb35ed6d0efcbc4ff,mainnet
0x08b5c6d7fc781e201d0c3a15d6bbe69652bc6e7e,12,0x08b5c6d7fc781e201d0c3a15d6bbe69652bc6e7e,conviction-beta,0xabb88ccde8e73f80a3f4a14ef4f6bbfcc19f172a073a5d4cace3af06a8f2a182,xdai
0x0c394424e4b06a33c964f51a2c02663771fbbfe0,93,0x0c394424e4b06a33c964f51a2c02663771fbbfe0,agent,0x9ac98dc5f995bf0211ed589ef022719d1487e5cb2bab505676f0d084c07cf89a,xdai
0x12fc9f87b1dc7b6f1096f478d3d30e0d16f20a73,130,0x12fc9f87b1dc7b6f1096f478d3d30e0d16f20a73,finance,0xbf8491150dafc5dcaee5b861414dca922de09ccffa344964ae167212e8c673ae,xdai
0x13c551feecb3c548ebdaaa3f12439fa38e956b92,0,0x13c551feecb3c548ebdaaa3f12439fa38e956b92,bancor-formula,0x8a2eb3e36129e7cc79e756f483f12fc72a455e3df66371be5a91184eb891b4d1,xdai
0x152c7c6bcde973810de957f8dbf6358bc960bdec,34,0x152c7c6bcde973810de957f8dbf6358bc960bdec,time-lock,0xe4c68f4eb50e6c4b40f8332e91acb216dd73bfe91aeed0a81902e47660fbd189,xdai
0x1a9f0f760e0c2312ba472c413725a151ba7e7461,78,0x1a9f0f760e0c2312ba472c413725a151ba7e7461,redemptions,0xbcfc4bd9ad0e5528cbed5ecc4b90604ad1b62fe117d3f7ddb313a9b1b2ded9cb,xdai
0x1b0b7528ae0ec505faed291339f226329b7ab3d8,0,0x1b0b7528ae0ec505faed291339f226329b7ab3d8,delay,0x1c2b93ad1c4d4302f0169c8f596ce518e4a3324b1fed90c2d80a549a072bcd4e,xdai
0x25a4336aa56f2f2610926d390056e13f841ad85b,0,0x25a4336aa56f2f2610926d390056e13f841ad85b,apm-enssub,0xb0ac22e61db2d74aee32d9c24978e837b27a782e76dbca2425f4fcc2c36519a3,xdai
0x26ed5b33914dc1d2b705375cd2b2354460935f12,0,0x26ed5b33914dc1d2b705375cd2b2354460935f12,gardens-template,0x3d9db79d73be2811e6fad1a03c80a8b04f845cefd7ed560b32b63d49afe0a844,xdai
0x27f4f38c4268f977548704d1fbe5129fde60d447,0,0x27f4f38c4268f977548704d1fbe5129fde60d447,apm-repo,0xddc03eed7f141e7716263d9e4758b05677c0d473ed160ff5d3d84a06d66823c6,xdai
0x322b8b4cbc42e76620542c100e13e219d6d871a0,1,0x322b8b4cbc42e76620542c100e13e219d6d871a0,market-maker,0x42d59617a1b776cf87a9f2c179bc09ac5a242584df244888a30a8455e750277a,xdai
0x33695b7f9412a89aeb5f6012055c51eb865fea8d,0,0x33695b7f9412a89aeb5f6012055c51eb865fea8d,bare-template,0xec860f1419202808b9210ffcf93635621120af898b7a8a270c34e77cd8111858,xdai
0x4079d2425d869bb21629858d43390ede7fa93a13,34,0x4079d2425d869bb21629858d43390ede7fa93a13,token-balance-oracle,0xef3a788f46455d55f97d7047c8893d26afda100d52e6190bdbfb6587f5d599b1,xdai
0x4b7e8662d96194eb8b8e64fe28dcab1f35139e0d,0,0x4b7e8662d96194eb8b8e64fe28dcab1f35139e0d,apm-registry,0x9089af016eb74d66811e1c39c1eef86fdcdb84b5665a4884ebf62339c2613991,xdai
0x4dc7ff95df7d544b8b5195b1ec5f45da471a8470,65,0x4dc7ff95df7d544b8b5195b1ec5f45da471a8470,voting,0x9fa3927f639745e587912d4b0fea7ef9013bf93fb907d29faeab57417ba6e1d4,xdai
0x4ee2c97bc81315d4259186e6219bb5aaf9b24773,0,0x4ee2c97bc81315d4259186e6219bb5aaf9b24773,finance,0x49bacef47c22b4c602f377b56381abf1d02d9695a568b0927d610f78a096fd52,xdai
0x55cfa035631ec7ffef05aff426779a370248e2c7,77,0x55cfa035631ec7ffef05aff426779a370248e2c7,tollgate,0x836ff04da2bec0b03737840f75c97c87a712fb9176ab6538c2516987973cb472,xdai
0x5b63aa2ee7ade69308bd01ba60b629c9b2a281cc,13,0x5b63aa2ee7ade69308bd01ba60b629c9b2a281cc,dandelion-voting,0xf1a28fda6bef4895d111ff59fd86be63fa1a9d61868303e3ff6368363b4c687f,xdai
0x682d02ed0d0381e5f56f08889c34c11647978cd2,0,0x682d02ed0d0381e5f56f08889c34c11647978cd2,membership-template,0x6864ee8dc223b263a8f3f1fefd78dccf7d70dc52b4ac9e7e236709e7cf7afc1f,xdai
0x6dc277d5f9b02c54b3970c4baa53d1b5a5a91d69,7,0x6dc277d5f9b02c54b3970c4baa53d1b5a5a91d69,transactions,0xc908326a9f60d6f7e4deb3b57aeb69ab4f4bab797e52d0c79035775322280b30,xdai
0x71d4870a07c41130d36ce77ae8e85754c1950697,0,0x71d4870a07c41130d36ce77ae8e85754c1950697,apm-enssub,0x60cd779f4dc0820db164ecc193d2e7dd1a813b00f25295bc09610bf4cdca9761,xdai
0x733521990c70a05dcb9c972ee77e4a0cf9363048,1,0x733521990c70a05dcb9c972ee77e4a0cf9363048,tollgate,0x0d321283289e70165ef6db7f11fc62c74a7d39dac3ee148428c4f9e3d74c6d61,xdai
0x78a91af561c69a81c3e5bd89acc2737ec5d9c837,0,0x78a91af561c69a81c3e5bd89acc2737ec5d9c837,apm-enssub,0x4acb60d6b2ad54ae7f9160ca0519cc5a0521d86464b50402f713d698c38b4d05,xdai
0x799d4c26aa953d02c28657e2a14b67743c17abcd,2,0x799d4c26aa953d02c28657e2a14b67743c17abcd,payroll,0x463f596a96d808cb28b5d080181e4a398bc793df2c222f6445189eb801001991,xdai
0x7c879c623bba723363bdd29afc2deca052f7771f,4,0x7c879c623bba723363bdd29afc2deca052f7771f,conviction-voting,0x589851b3734f6578a92f33bfc26877a1166b95238be1f484deeaac6383d14c38,xdai
0x8cd559c243befe0d3bd25632007f7be11bae768e,1,0x8cd559c243befe0d3bd25632007f7be11bae768e,marketplace,0x97253f00520e7299fff02f3eab69577dc2afd896599e28ff9561f9386988b60f,xdai
0x998ba00713561f1c620176023782bebad2cf25ab,117,0x998ba00713561f1c620176023782bebad2cf25ab,token-manager,0xd8de493821904a0eae23e3a30ab559947038f8683de280e97f786d5b2ed59f7c,xdai
0x9eecc62b9e5224f0e840492a41249c286bf009f5,34,0x9eecc62b9e5224f0e840492a41249c286bf009f5,token-request,0x04beb8f1394151eb4a36b41efa85606e8a41edee8ace18827926b75bcc285d5e,xdai
0xa0aa6839b916c3a86bfa7d420218f959a024724a,0,0xa0aa6839b916c3a86bfa7d420218f959a024724a,dandelion-org-template,0x534b69e1f887c1c0fb59f5b0fd13a38f631435371c78122d040c5524822e63b1,xdai
0xabe9b53fee0613d1ae1d318c7915b23c672037eb,166,0xabe9b53fee0613d1ae1d318c7915b23c672037eb,token-manager,0x6b20a3010614eeebf2138ccec99f028a61c811b3b1a3343b6ff635985c75c91f,xdai
0xac5e44ff39414ac4bee51f00598e5baacda7d6ca,1,0xac5e44ff39414ac4bee51f00598e5baacda7d6ca,redemptions,0xbf9fefd9508fe20f068aa3714e9beb8c4fc6dea33dc4c75371b96140d6350d20,xdai
0xb13c10d766d0eeb8a937f241ed20d40753d2060e,0,0xb13c10d766d0eeb8a937f241ed20d40753d2060e,transactions,0x9c07a4acc33bb86d9015eb9fcf1506f0d7d8acff4143eb5cd26bfbe12fcb01e3,xdai
0xbb02b4f68b3a110c2d789d69827c639fe0084797,0,0xbb02b4f68b3a110c2d789d69827c639fe0084797,pilot-template,0xd1dbdd241e2b1b69cf54574c025acf11c9278e90e52d5a5817bf7fe68306173b,xdai
0xbbfa394a2bda4e88ac2de317c0e6e5577e5e26fc,0,0xbbfa394a2bda4e88ac2de317c0e6e5577e5e26fc,bancor-formula,0x6e94827e13e47f3a10dd50d2d72b3061e1f4234275f0e3ef45addb034de82ee9,xdai
0xc068010f4c6463e50844924a1003db5fc0a4a474,0,0xc068010f4c6463e50844924a1003db5fc0a4a474,karma-template,0xb705dc1b2d28bab2657d7fd0d4f8471bad9d9d11744bb6cda5aeecfe60bf14a9,xdai
0xc1493afbe1c33961f877aa5dfc8ac75f229f72ba,1,0xc1493afbe1c33961f877aa5dfc8ac75f229f72ba,presale,0xfad0a75c753bc55b8db4ee26c9316d1d5bad2a23a6f5f9cae8622ec5c30a0eae,xdai
0xc23e831430dc74ef408109e7cb7b94ce19ab6661,0,0xc23e831430dc74ef408109e7cb7b94ce19ab6661,aragon,0x65cd9560255c8d782f716c6345658ae1e79791e829c60c5f6cb175f3645acf70,xdai
0xc96359e02fe238591ba141018464b8bd6b0e2baa,0,0xc96359e02fe238591ba141018464b8bd6b0e2baa,survey,0x030b2ab880b88e228f2da5a3d19a2a31bc10dbf91fb1143776a6de489389471e,xdai
0xcd39e8fbda4a0b9e97cbf209fcbddfc43c8b8f33,42,0xcd39e8fbda4a0b9e97cbf209fcbddfc43c8b8f33,marketplace-controller,0x9898fc4a4c7d0217786f6c608bd9098922bcecf914ee232b3924a1b82f25466f,xdai
0xcfccefc6d560526e1d75e5784655c40d5a65eeda,212,0xcfccefc6d560526e1d75e5784655c40d5a65eeda,vault,0x7e852e0fcfce6551c13800f1e7476f982525c2b5277ba14b24339c68416336d1,xdai
0xd34b837ea62ba176d18cb90cdbed9386d92761b2,0,0xd34b837ea62ba176d18cb90cdbed9386d92761b2,apm-repo,0xf254443da20ea3d6bad4fa45ddd197dd713255675d3304106f889682e479f9c0,xdai
0xd69447bfcd4ca68ee2415892d3a02460885c6775,0,0xd69447bfcd4ca68ee2415892d3a02460885c6775,apm-repo,0x7b4f7602faf178a4a239b8b2ed4155358e256b08ee7c6b6b1b01ebec891ce1f1,xdai
0xe8f9ef7841f434910a6f520778f16905f1c17ffa,78,0xe8f9ef7841f434910a6f520778f16905f1c17ffa,conviction-voting,0xbc5e8545c829b4a2dd66039e0824a32c19e8159e699402865a9e18746f99c390,xdai
0xea11ccd8170241652bd72ddd2189bc9e84f5c21e,0,0xea11ccd8170241652bd72ddd2189bc9e84f5c21e,apm-registry,0x89a40ce63a7b7a31806c7d3a1d10e76d421e7ae1f1205cf0170368052d7fb6a0,xdai
0xea5281a78604a7cc6b73250d84efb09eeb2f4754,42,0xea5281a78604a7cc6b73250d84efb09eeb2f4754,presale,0x30372373f5c25a414e34529acb4ed8654f231a44bd26f9532e187198dd54978b,xdai
0xea82a1e0c9bca70ec2e8471465ed0ebed041d6c9,13,0xea82a1e0c9bca70ec2e8471465ed0ebed041d6c9,token-manager,0x28b7f7bcb4bfd2310258c158a57a1307f45a70858cde9298734a6db37c6ca492,xdai
0xf091fa764e7a7deeb7b260fa3496d11c8effafb6,0,0xf091fa764e7a7deeb7b260fa3496d11c8effafb6,company-template,0x213d899ef6188141f0e7f1f4b5a15bd0b542d1708a9a840f9ebf18f7db36eda5,xdai
0xf1184341837d66ec2c44c61021a4cee4be064a56,33,0xf1184341837d66ec2c44c61021a4cee4be064a56,issuance,0x8cfacf81a9587cba8a478c8548a203d56f0603307b1ec63c05d7d3793cf5e39d,xdai
0xf259e33ceb081f177339d28b882edee11285a662,0,0xf259e33ceb081f177339d28b882edee11285a662,apm-registry,0x9246c13028477a8d2ad871dc5039e7ddedf698521137444347cb8554d947d01e,xdai
0xf5327218996d5aa8d6cfb9761ec0fdd87465cde1,42,0xf5327218996d5aa8d6cfb9761ec0fdd87465cde1,bancor-market-maker,0x27914749c22658264b3aba0bac25b995d2b7e5b0fa68fb84c1b6c98c3d3587e8,xdai
0xfa48cf71f6cbbc152b7769ff16edc7c6a497f9e1,150,0xfa48cf71f6cbbc152b7769ff16edc7c6a497f9e1,dandelion-voting,0x82d8d87cd48f4b245d5c8c1c98c5d527dc7b7e166f62471569fb8b1061900644,xdai
0xfc9ce0f48658a9e336a124651b33b8797207483c,0,0xfc9ce0f48658a9e336a124651b33b8797207483c,reputation-template,0x8376ecf72485efc3ac6fb0c4972f55959aa3508d2e2e7ccce49795718f1458dc,xdai
0xf1184341837d66ec2c44c61021a4cee4be064a56,33,0xf1184341837d66ec2c44c61021a4cee4be064a56,issuance,0x8cfacf81a9587cba8a478c8548a203d56f0603307b1ec63c05d7d3793cf5e39d,xdai
0xf259e33ceb081f177339d28b882edee11285a662,0,0xf259e33ceb081f177339d28b882edee11285a662,apm-registry,0x9246c13028477a8d2ad871dc5039e7ddedf698521137444347cb8554d947d01e,xdai
0xf5327218996d5aa8d6cfb9761ec0fdd87465cde1,42,0xf5327218996d5aa8d6cfb9761ec0fdd87465cde1,bancor-market-maker,0x27914749c22658264b3aba0bac25b995d2b7e5b0fa68fb84c1b6c98c3d3587e8,xdai
0xfa48cf71f6cbbc152b7769ff16edc7c6a497f9e1,157,0xfa48cf71f6cbbc152b7769ff16edc7c6a497f9e1,dandelion-voting,0x82d8d87cd48f4b245d5c8c1c98c5d527dc7b7e166f62471569fb8b1061900644,xdai
0xfc9ce0f48658a9e336a124651b33b8797207483c,0,0xfc9ce0f48658a9e336a124651b33b8797207483c,reputation-template,0x8376ecf72485efc3ac6fb0c4972f55959aa3508d2e2e7ccce49795718f1458dc,xdai
0xfc9ce0f48658a9e336a124651b33b8797207483c,0,0xfc9ce0f48658a9e336a124651b33b8797207483c,reputation-template,0x8376ecf72485efc3ac6fb0c4972f55959aa3508d2e2e7ccce49795718f1458dc,xdai
0xfedb471777977f52375463a50a57d6bfc641144b,0,0xfedb471777977f52375463a50a57d6bfc641144b,token-manager,0xc568f11b5218b4d75fdc69c471ebdcffcb59025cc9119abfb35ed6d0efcbc4ff,mainnet
0xf259e33ceb081f177339d28b882edee11285a662,0,0xf259e33ceb081f177339d28b882edee11285a662,apm-registry,0x9246c13028477a8d2ad871dc5039e7ddedf698521137444347cb8554d947d01e,xdai
0xf5327218996d5aa8d6cfb9761ec0fdd87465cde1,42,0xf5327218996d5aa8d6cfb9761ec0fdd87465cde1,bancor-market-maker,0x27914749c22658264b3aba0bac25b995d2b7e5b0fa68fb84c1b6c98c3d3587e8,xdai
0xfa48cf71f6cbbc152b7769ff16edc7c6a497f9e1,198,0xfa48cf71f6cbbc152b7769ff16edc7c6a497f9e1,dandelion-voting,0x82d8d87cd48f4b245d5c8c1c98c5d527dc7b7e166f62471569fb8b1061900644,xdai
0xfc9ce0f48658a9e336a124651b33b8797207483c,0,0xfc9ce0f48658a9e336a124651b33b8797207483c,reputation-template,0x8376ecf72485efc3ac6fb0c4972f55959aa3508d2e2e7ccce49795718f1458dc,xdai
