id,memberCount,proposalCount,rageQuitCount,summoner,summoningTime,timestamp,name,totalGas,version,voteCount,network
0x014ded81ddb85f7d178a66bcdd6cd6ca89ba7cc5,0,2,0,0xe04243d4de64793420e613fa13f12efff42aca05,1578737424,1578737424,üå±Charity DAO,19200077000000000,1,2,mainnet
0x016e79e9101a8eaa3e7f46d6d1c267819c09c939,0,44,8,0x50ec89ab7a9bf23ff4ba6245d430ab06886bfbeb,1584888739,1584889378,Machi X DAO,2223851528970241066,2,44,mainnet
0x0372f3696fa7dc99801f435fd6737e57818239f2,0,146,82,0x865c2f85c9fea1c6ac7f53de07554d68cb92ed88,1559770127,1559770127,MetaCartel DAO,8076360489461953701,1,419,mainnet
0x071124f489b96101e4a6b1ce78a0c4b9eba881a2,0,1,0,0x202abc6cf98863ee0126c182ca325a33a867acba,1601139931,1601140006,CyberFM Radio DAO,131812676219254494,2,1,mainnet
0x073ac467787c6a4ec93163dbe043b4a03bd60caf,0,0,0,0x18bb987303a3455ba43850452cea7a586e37f41a,1601805083,1601805154,Blockchain Italia DAO,9210726000000000,2,0,mainnet
0x081868a96f106e2286bd27112a0354d7222b4adb,0,0,0,0x40bc57c410b9e543e6f4158a44ce53e46968ab05,1593246259,1593246259,Parent DAO,201976177200000000,1,0,mainnet
0x098eabc5cb8ca7d8aaeaf0a927a5c2bbcedffb30,0,1,0,0x31e99699bccde902afc7c4b6b23bb322b8459d22,1600608288,1600621339,Olympus DAO,299205688000000000,2,1,mainnet
0x0e5a503842c947762e66c42f8a773757edeb2315,0,0,0,0x439116ccdcb4c7ddc68dbc1cc16332e955f1824f,1573869595,1573869595,Porn Dao,9685664640000000,1,0,mainnet
0x101aad3a4e4e63f88607144ac3e7318257705e36,0,0,0,0x1c5eb68630ccd90c3152fb9dee3a1c2a7201631d,1582748693,1582748693,NFT Art collection DAO,24737594856505572,1,0,mainnet
0x108e0ac5241dd65f1213396681a799ed049dd5dc,0,1,1,0xf3b1b6e83be4d55695f1d30ac3d307d9d5ca98ff,1592790682,1592791797,ShitcoinDAO,67616125000000000,2,1,mainnet
0x112bc7f1337de4477781207d8dc788ec232170a2,0,0,0,0x01e7f16e17c50d070eb66787f25ce3be405d6038,1579499611,1579499611,UniDao,31313800000000000,1,0,mainnet
0x13555020d1d7690ba37d6c0042656fcfa751d2a3,0,0,0,0x51a33a5bba82f8ebd0fe2192a25ca2e60b9dc32f,1580574628,1580574628,Underdog Digital Asset Group,13420992000000000,1,0,mainnet
0x148daa26808201add646d16c5c0a4d0e60d8847c,0,0,0,0xf3d9281fa183b74f32b96e1c5244596045f4ede8,1573997336,1573997336,Opensourcecircus ,44946800000000000,1,0,mainnet
0x14bf7c8ef3a9484522f610e1904ad23236289eaa,0,0,0,0x52ab58c10e9187a79da50f892ea4801aad58cb00,1572352713,1572352713,DAO of the Earth,6726924000000000,1,0,mainnet
0x14f00110956d2f6171afc16baab4c0bac334801f,0,0,0,0x0978800656f7d3c86432c470a747bf494b3fe6a3,1576947132,1576947132,Guild,53210808000000000,1,0,mainnet
0x160042db5365a09c1372ee51de92820891c758f6,0,0,0,0x07a384ef8c99f026b30dd669dc9eb709403c3e48,1577382211,1577382211,Scottish Ethereum Community,13420920000000000,1,0,mainnet
0x161e99f7467f20602c7ff9ff85f22be1ecc41b86,0,6,0,0xfbbe53dc51b815c58a4192f643e72e14fc44fea9,1581672764,1581672764,Creative Collabo DAO,29822081100000000,1,5,mainnet
0x17a09f59574e87db1a0e94af5147129f68ccf3de,0,0,0,0xa112ad9d74eecec50f3230d3245a90182d8fd701,1579322939,1579322939,Minos- test,13420308000000000,1,0,mainnet
0x18923b96e765aeeabb8090e17c15da958a4846d3,0,0,0,0xda4b9ffef4ede85f1b165ab111c15889b5572213,1595706235,1595707162,DaohauseClubTest01,7516800000000000,2,0,mainnet
0x194aaa502839c3d4f7f2225884ae11115fb62d86,0,0,0,0x64abc5b10c77d93be5038e7b4965d2f0d8279127,1589064449,1589064449,wagv,36905352000000000,1,0,mainnet
0x195ab0b062685b8a940e78a0e6b3b2db230c7fb7,0,0,0,0x248995eab7065ef411c6c259c98564b84e8c7a45,1581045752,1581045752,WowDAO,26840328000000000,1,0,mainnet
0x19cf6f42436acdae68cdec522320b18b36bfda60,0,0,0,0x0d97e169bd4f99418cab729ba5a84df44ea44f85,1575300216,1575300216,ambassaDAOrs,33637500000000000,1,0,mainnet
0x1b3d7efb93ec432b0d1d56880c23303979b379e9,0,37,1,0x4f0a1940de411285ad0455a7f40c81b5e0bc8492,1581557955,1581557955,Meta Gamma Delta,1092948135459416574,1,196,mainnet
0x1ba850cb53280d7f9987be283ff462038ec8abe2,0,30,7,0x9ac9c636404c8d46d9eb966d7179983ba5a3941a,1586098042,1586098087,DAOSquare,934973668207405305,2,25,mainnet
0x1bbab7783d2dbe69f636cfa182dbc67e3f6e5093,0,1,0,0x1f2b13e5bfc02f5b931c6b214c761fa6dce6e2c1,1583423766,1583427962,WeedWorksDAO,25713845000000000,2,0,mainnet
0x1c4aa92cd9ba7e6a40d19660f94ee8d23eb56639,0,0,0,0x1dc96f305645b5ac12dda5151eb6704677c7db12,1571667489,1571667489,CanEtxa,6726060000000000,1,0,mainnet
0x1ea84b986ee08b68d37bfe07c7564b84dee40bd6,0,0,0,0x4744cda32be7b3e75b9334001da9ed21789d4c0d,1595455694,1595455757,LexART,9469080000000000,2,0,mainnet
0x1fab0f9902a6a47c685d4aaa231a54e08184f89c,0,1,0,0x0b3038ffa6c6faa1d41238bce5708255fe5be09e,1593700665,1593700837,UMOONDAO,51765004000000000,2,0,mainnet
0x1fd169a4f5c59acf79d0fd5d91d1201ef1bce9f1,0,130,72,0x512e07a093aaa20ba288392eadf03838c7a4e522,1550131297,1550131297,Moloch DAO,3470590622998943727,1,658,mainnet
0x210aa04057418ee6e571921bd02183430f8292eb,0,0,0,0x6f25865e0cd6aa0eaed6d7117b8bc6c848deed77,1582372570,1582372570,ComunionDAO,10021236000000000,1,0,mainnet
0x22274338be63f4f3e01d51f23fc50be138ee0cae,0,1,0,0x37d4a3fd83cc3e2df7386a3b1107ea0bc21558fb,1581523074,1581523074,test2,36083394250000000,1,0,mainnet
0x23bfa86f33660a5135dac82bf3804c153b1ab72f,0,0,0,0xf6c50d8ed476ad036fddbc1877e4af90f0282295,1573409362,1573409362,Domina Dao,28250661600000000,1,0,mainnet
0x24f13448d8e068f8388aecd4652e184135ac831c,0,0,0,0x66268791b55e1f5fa585d990326519f101407257,1580116269,1580116269,MinterDAO,6710154000000000,1,0,mainnet
0x265989a4a7ce6f025db1618667495aa51c5121e9,0,2,0,0x3f603a18bed7cc5ceefdc83ff1ce0cf5b3764e2e,1591726454,1591733720,AvenueDao,79794350000000000,2,2,mainnet
0x288f70137c4057550f2952468a68d1d223019073,0,1,0,0x0530b049eebbb433de580f6358150574c7fb0346,1581919488,1581919488,Socical money,34713182000000000,1,0,mainnet
0x29f9340ff5c9d8f8b4760cd1429312a68f044e9a,0,0,0,0x1c0aa8ccd568d90d61659f060d1bfb1e6f855a20,1592788812,1592788812,Mystic Ventures,96580230120000000,1,0,mainnet
0x2b0881c43467bb590a7339ff7afe494807f5f914,0,1,0,0xa5c3a513645a9a00cb561fed40438e9dfe0d6a69,1594575027,1594575114,Crypto Twitter Autonomous Zone,36197938000000000,2,0,mainnet
0x2f2f18904ed01112a5d3c51f6f393d893ba7d6a7,0,0,0,0xda93c8286c47990e922406016f7eeddbe41d9702,1576530900,1576530900,DAvidO,21949517700000000,1,0,mainnet
0x2fad8cd84c6d3e668dd56601bbb7ac0fda4f5e68,0,0,0,0xbaf6e57a3940898fd21076b139d4ab231dcbbc5f,1574121720,1574121720,COWDAO,6726060000000000,1,0,mainnet
0x3226afdbe3911ba1ab32c97a3fc75606ed2f2226,0,0,0,0x2958db51a0b4c458d0aa183e8cfb4f2e95cf6e75,1589254285,1589254331,Phoenix DAO,1877940000000000,2,0,mainnet
0x32e173fd9cb2a50bc39d313182bd484729c818b4,0,5,0,0x4b037687c1c5159285a7defad3681f8e123d2478,1603308393,1603308493,DSCVR_DAO,316380575725236220,2,5,mainnet
0x34b43f77d22b98876e702622722755c5d74b6d22,0,0,0,0x839395e20bbb182fa440d08f850e6c7a8f6f0780,1583876114,1583876114,Giveth Test DAO 1,6651567665156700,1,0,mainnet
0x36dc48ae5e9ba9b752ab32589c9dd809a69cedba,0,1,0,0x1c0aa8ccd568d90d61659f060d1bfb1e6f855a20,1592780965,1592780965,Moloch Mystics,95671264500000000,1,0,mainnet
0x375cc4d070482484e6c351b9d2de244b3076bf7d,0,0,0,0x109bb92503c567ac52647d507849aa9429077bf9,1572749313,1572749313,Pixer DAO,11098474200000000,1,0,mainnet
0x3919c6afed517fd3fb193ddb4a1524cd267f0069,0,1,0,0xafa8612aae19ac707ce0b0fc42615bb8690e7cad,1583512661,1583512770,Hegic Distribution DAO (Epoch I),5057913000000000,2,1,mainnet
0x395ed08c20dc119478dc6cf6a16d94b377072379,0,1,0,0xbaf6e57a3940898fd21076b139d4ab231dcbbc5f,1582738904,1582844533,OracleDAO v1,3863570000000000,2,0,mainnet
0x3b1c5ca91ec6ceda5ef3cef8abc275f63ac35232,0,0,0,0xac03bb73b6a9e108530aff4df5077c2b3d481e5a,1571040437,1571040437,RimbleDAO,13452504000000000,1,0,mainnet
0x3bcf65756463c54e15fa26b8f441cdd927b66207,0,0,0,0xb6dacfc9e6443f2546e9285ba4ae6359cdc20727,1576444929,1576444929,test33,26840400000000000,1,0,mainnet
0x3d83d62a11e6e55376a9f9604ff049b493450b85,0,1,0,0xf270fb90b1733edc2054972551f6a818adeb43fc,1583573114,1583573114,NOS DAO,7413211000000000,1,1,mainnet
0x3ee67bc5c3b53c3f6a80540733c7a17e0005747c,0,0,0,0x7ce0448b0fafab6cace981fffa967cf380a2cc33,1592252323,1592252465,TechnoDAO,5068980000000000,2,0,mainnet
0x44b0fc4c6612a550104b074b240652f55d62fb68,0,1,0,0x30db01087febd7b67dc486812b322b4867cb8ca7,1586838166,1586838320,Test Link Marine Army DAO,6464408730005952,2,0,mainnet
0x4570b4faf71e23942b8b9f934b47ccedf7540162,0,267,191,0x8c8b237bea3c23317d08b73d7137e90cafdf68e6,1581730372,1581730372,MetaCartel Ventures,33860384564148887469,2,685,mainnet
0x46c3e0ee080935768a0d97012841213e88b1fd91,0,3,0,0x6f25865e0cd6aa0eaed6d7117b8bc6c848deed77,1581843981,1581843981,ssh,10803189800000000,1,0,mainnet
0x482122333e3af9b969871a66f6c3aa8ea76db31a,0,0,0,0x3839acf1ee7699d1f46b1be840d8ad8317fdf757,1585894957,1585894957,Real Fake DAO,33551130000000000,1,0,mainnet
0x4860317bca9a4fbbb9021f65e6f09a25d6aeaed3,0,0,0,0x148a1e9373ad8d83a8b12592ec90b6f5151b176f,1583928461,1583928461,O√ØkosDAO,33550680000000000,1,0,mainnet
0x4862376ff04f07922fcee312053ad5ff2d6834b3,0,0,0,0x64219b01c2049d942fc8a7a43c7877f5473903d1,1583329068,1583329068,Test Token,26840688000000000,1,0,mainnet
0x486375801734a9c2a607687ec8f8df5886868f94,0,3,0,0x9ac9c636404c8d46d9eb966d7179983ba5a3941a,1580797794,1580797794,DAOSquare,27328690359578318,1,3,mainnet
0x48c2f0a379f8cc93b1be3775964e242adebfd8dc,0,16,1,0x8db6b632d743aef641146dc943acb64957155388,1579267058,1579267058,DeoraTest,29438259472390900,1,17,mainnet
0x4dc514426e4c273cec292affffe6fe19cb9a4a81,0,0,0,0xf3d9281fa183b74f32b96e1c5244596045f4ede8,1583633139,1583633139,LeskoDao,6710136000000000,1,0,mainnet
0x501c4311350fe29ca477296a40b5c9dbefcb7517,0,1,0,0x5a2c31ca6bcb4e594e4a5555399ecba82ba797f9,1583519890,1583519890,DeFi DAO,9006806000000000,1,0,mainnet
0x513838f426c3ace6c4930ae74617d2c5c584b648,0,1,1,0xb68f52fe2583b5a568e7e57dc98c69d93821f6e4,1585641339,1585641339,TaoDAO,52583581400000000,1,1,mainnet
0x5248ab2b7f0db71161f8fa975c49576a8e38a24f,0,1,0,0x627545ef8b5f9737f86869483cf3df80fb7d0040,1594612099,1594675710,Marklar Marklar,80602248000000000,2,1,mainnet
0x545c32fa2713ae020570742c78ab17a522a794d5,0,0,0,0xf309ed3cf558d5b231df01f171693e11953022ec,1578361445,1578361445,K,6710010000000000,1,0,mainnet
0x54af0987ddead435a6fcb2206a2ba97f38309ab0,0,0,0,0xebf96b95e2d08651856ff82771876338ac289f06,1576703029,1576703029,test,13419732000000000,1,0,mainnet
0x55a62791721be8f8d29e95aa2dffa14f64a7b3e9,0,0,0,0x865c2f85c9fea1c6ac7f53de07554d68cb92ed88,1584228324,1584228369,COLLAB-19,1016514000000000,2,0,mainnet
0x56e0840c1b86886a743cc8fb696bc9d45f867bfc,0,2,1,0xe5e9a001bc309014ebfa5f6583040167c5b8a80e,1579070596,1579070596,Zero Collateral DAO,44954215630000000,1,2,mainnet
0x57b5050b0e6ece2d84d14b9b3578f8df86063f85,0,0,0,0x40bc57c410b9e543e6f4158a44ce53e46968ab05,1593964034,1593964034,Parent v2,214724928000000000,1,0,mainnet
0x5bcaae60f557b456a902b91fa49fed009eb2d0bf,0,0,0,0x6a66744d7d6266a7c7c7176d64ba4375d8b0f94b,1570215872,1570215872,Degeneracy DAO 7200380134,6727788000000000,1,0,mainnet
0x5e344035cc0282cb3c9f883d811c1f3eb311ebd1,0,0,0,0xafa8612aae19ac707ce0b0fc42615bb8690e7cad,1584910790,1584912893,SWEAT DAO,390662000000000,2,0,mainnet
0x5eda5792125e4ad108454e6d607db156f10f7ec3,0,2,0,0x9e9ef58947bdea2c530b470a611e31d5e331c6cc,1602328892,1602328912,OLYMPUS DAO,121909989000000000,2,0,mainnet
0x5f7e55224669c57e3cfc7244eb9eef49183ee70a,0,0,0,0x498bec959165c143837e83399e4c4d5676d256e4,1587152621,1587152621,TestDAO,20494022494144565,1,0,mainnet
0x61cf820d6ac8726a62f1e65376efd81691b51868,0,0,0,0x9563c6f3948d9287c3b3d1313d4996aab5edefc9,1579149712,1579149712,MatrixTest,20130516000000000,1,0,mainnet
0x63e8579d08a0a02dcf1ae5940e3960a27d7374f1,0,4,3,0x67168517c1d0835147e2bd66e40a602e9fb9cbd9,1582904052,1582904113,MontelunaDAOv1.0.0,15266434553246134,2,1,mainnet
0x647d2460d8cb322fc5328afbf9dd402af2d1ba11,0,1,0,0xa3564677fc4907a15c9a7eae1dbc1ae9ac57b8e1,1603806271,1603806439,MusicDAO,70407177000000000,2,0,mainnet
0x6680c3fd10d6449bb0a7617d7bbdc122dd417788,0,7,3,0x865c2f85c9fea1c6ac7f53de07554d68cb92ed88,1583332888,1583427496,Castle DAO,30618408896231971,2,7,mainnet
0x67b67c5b7384d6c1cdad1ed988b49183f4c59740,0,5,12,0x67168517c1d0835147e2bd66e40a602e9fb9cbd9,1582858530,1582858712,OracleDAOv1.0.0,53856056388457688,2,5,mainnet
0x69835ff65724a39f144d1bfa2e8e04aa214d328f,0,0,0,0x9ac9c636404c8d46d9eb966d7179983ba5a3941a,1580793804,1580793804,DAOSquare,16775385000000000,1,0,mainnet
0x6c9b4f1bdddd7704a26a5caf5242e88501dc5f0b,0,10,3,0xd3e9d60e4e4de615124d5239219f32946d10151d,1571436715,1571436715,Marketing DAO,863110739234312018,1,11,mainnet
0x6d3e5416d47478e1bcda74faeb98d16e26d50402,0,0,0,0x8cb1676e4f17c728c1b85d9811811123eedfeb4a,1585503881,1585503881,Help the freelancers,33551760000000000,1,0,mainnet
0x6fac6702e5ab65bf836a5645a567f7e38e56a227,0,0,0,0x865c2f85c9fea1c6ac7f53de07554d68cb92ed88,1588728404,1588728404,Explorers DAO,33403760000000000,1,0,mainnet
0x71bfa532de073440625d63fc8b55ee8c26230ae4,0,1,0,0x9ac9c636404c8d46d9eb966d7179983ba5a3941a,1593844258,1593844431,ART Ethereum,48337122753637696,2,1,mainnet
0x72f7afd4ce96171c30f1a5260cbf7faba32bc3fa,0,0,0,0x99105365d51250c71fbb0d59113a80996b301cbd,1576141717,1576141717,zha DAO,13420236000000000,1,0,mainnet
0x751ce4ba67a135ba9cb8e689dfd29c46859b9249,0,0,0,0xa8c47a6a43e9b211e05eb259a9abdb8472971314,1570568919,1570568919,DAOfest,6726060000000000,1,0,mainnet
0x7ae4bc22d038479c8ad21616450cd5e35d3f03cc,0,4,6,0x48f2bd7513da5bb9f7bfd54ea37c41650fd5f3a3,1592456669,1592456785,Urza,311413942434811863,2,3,mainnet
0x7bd649681fbdce257c115594c4c7d6bc6beea3e2,0,5,0,0xe3d8e58551d240626d50ee26faff2649e1eee3cb,1591290268,1591290268,Democracy Mars,211120880517549957,1,5,mainnet
0x7d58c962356ae66ba91b108751d67ae5d3b022fc,0,55,7,0xdbf14da8949d157b57acb79f6eee62412b210900,1596602565,1596602913,Meta Gamma Delta (v2),4060739703797462709,2,79,mainnet
0x7db1f449e67cc4ab38887a364711feea1b2a8101,0,0,0,0xf3d9281fa183b74f32b96e1c5244596045f4ede8,1573996692,1573996692,NewNormal ,44942320000000000,1,0,mainnet
0x7e0d0e6bbc029d5aa78353327115072db8c19140,0,0,0,0x865c2f85c9fea1c6ac7f53de07554d68cb92ed88,1581852999,1581852999,Demo Day NYC 2020,13361864000000000,1,0,mainnet
0x7e88dfdca361064268f812e777e2c403014d7a47,0,0,0,0x64abc5b10c77d93be5038e7b4965d2f0d8279127,1589065128,1589065330,wagv2,994735800000000,2,0,mainnet
0x7ef1a1f5a6b74d4d32366a416a2e8564225d3f85,0,1,0,0x7285502ed0a0ed25f65941e480bda7114492acf9,1586169668,1586170337,Citizen Fund,5936653696948002,2,0,mainnet
0x803ab462932bdb34d584015afa5bea934a417540,0,0,0,0xd3e9d60e4e4de615124d5239219f32946d10151d,1581450676,1581450676,Rocket LP DAO ‚Äî DAI Edition,20131110000000000,1,0,mainnet
0x80815f046d055df3e90828e351d382ad15e61cab,0,0,0,0xbaf6e57a3940898fd21076b139d4ab231dcbbc5f,1574189501,1574189501,PTADAO,6725868000000000,1,0,mainnet
0x81699a6bfe9e62e8dbdb6e080a9ca2943f981a22,0,0,0,0xe8d848debb3a3e12aa815b15900c8e020b863f31,1581612341,1581612341,DappHero,34221693600000000,1,0,mainnet
0x840931472dd1a8d925c7cfe972949427c9363876,0,3,0,0xcc6b139279b60f53386dc98d51e5f7aaf8e5ac4d,1587669476,1587669536,beecultists,12970920422541252,2,0,mainnet
0x8a4aab6f20e529f06e43dccb04abf50e37d2a30a,0,2,0,0x30db01087febd7b67dc486812b322b4867cb8ca7,1586899041,1586899127,Are We the Tru tards???,4444567753478445,2,1,mainnet
0x8a6b2d789c00c6b0972320df6e558268fed8a5a1,0,0,0,0xd26a3f686d43f2a62ba9eae2ff77e9f516d945b9,1576271374,1576271374,Zelda Guild,20130516000000000,1,0,mainnet
0x8e0319619aa8be2ee519606b748013c2a7e626e8,0,0,0,0xa8c47a6a43e9b211e05eb259a9abdb8472971314,1570566963,1570566963,DAOfest,6726252000000000,1,0,mainnet
0x8f56682a50becb1df2fb8136954f2062871bc7fc,0,147,27,0xde6ab16a4015c680daab58021815d09ddb57db8e,1588000270,1588000270,The LAO,21813262066287501469,2,445,mainnet
0x906b0b6dee8e4c9a3b36737f643374485397fa18,0,0,0,0xbbbfc46566e5f0302cef913af8c8f423070ce6a1,1579500874,1579500874,DeFiZap DAO,33550950000000000,1,0,mainnet
0x91a0dab8b10fede56f23ab133628ab7f3c65a9b6,0,0,0,0xbaf6e57a3940898fd21076b139d4ab231dcbbc5f,1575594353,1575594353,Cheese Dao 2,13757412462892788,1,0,mainnet
0x934d6b90e3f916a3ad5d080a674a1e953447dda3,0,19,1,0x9ac9c636404c8d46d9eb966d7179983ba5a3941a,1593290423,1593290901,MetaCartel Ventures China,1185834138219735453,2,32,mainnet
0x93c69e4023e4ebaf13c59daae8dc02b69a6f5be7,0,0,0,0x30788ef49874579484c88e89f9d48c27acd2f160,1582627766,1582627766,InSpaceDAO,7981729200000000,1,0,mainnet
0x95213610eeaa4f7fde7d47a216a367b7440b9ddb,0,1,0,0x37d4a3fd83cc3e2df7386a3b1107ea0bc21558fb,1580905751,1580905751,TestDAO,43631543000000000,1,1,mainnet
0x96495743ec55ff35f028c2e61c7d3b3cc2f03a04,0,0,0,0x69ef61afc3aa356e1ac97347119d75cbdabef534,1592111552,1592111552,Tech4Life,127493268000000000,1,0,mainnet
0x9677b254174a50a1bcc1d94b1f28bcd375b09a81,0,0,0,0xbaf6e57a3940898fd21076b139d4ab231dcbbc5f,1582812941,1582843907,OracleDAO - v1,555804000000000,2,0,mainnet
0x96c8c63352d416378040a31ab8a231dd8104da58,0,2,1,0xd3e9d60e4e4de615124d5239219f32946d10151d,1571437358,1571437358,Alex DAO,18512941000000000,1,2,mainnet
0x9a2715be834f8c29b6d5658e69975d9d5c08801a,0,0,0,0x9d31e30003f253563ff108bc60b16fdf2c93abb5,1603021292,1603023471,Sprout,2552771000000000,2,0,mainnet
0xa1c9014ab15a5dd5e0bd987f36ce878bb607d730,0,0,0,0x96974f044201851058c726f64b0baa8a1a4eba4a,1571920059,1571920059,DefiVC,33629820000000000,1,0,mainnet
0xa83bfad0771dcb68f40b0c93db3d2f63757f628c,0,0,0,0x7136fbddd4dffa2369a9283b6e90a040318011ca,1573156143,1573156143,BillDAO,6726060000000000,1,0,mainnet
0xa8fc468da0417f71393523393bd7d57450143a62,0,1,1,0xa7499aa6464c078eeb940da2fc95c6acd010c3cc,1579262916,1579262916,ArbitrageDAO,119066397500000000,1,1,mainnet
0xa9ade79ab198a579772dd5e310ea28643e4a4421,0,29,27,0xd3e9d60e4e4de615124d5239219f32946d10151d,1579215057,1579215057,Rocket Bank LP DAO,335966742651161958,1,39,mainnet
0xab3b0ce252f728d0a43faa37651efaf46bebc32b,0,0,0,0xb68f52fe2583b5a568e7e57dc98c69d93821f6e4,1585538906,1585540149,TaoDAO,187704000000000,2,0,mainnet
0xacf72f22b47cbdfc39c08de103c34cb802576d38,0,0,0,0xf3d9281fa183b74f32b96e1c5244596045f4ede8,1576169742,1576169742,BaoDao,26900328000000000,1,0,mainnet
0xad4b526c28f7b9bc0345cb6ab825b799deeefb37,0,0,0,0x297bf847dcb01f3e870515628b36eabad491e5e8,1590652637,1590652637,cat,261691092000000000,1,0,mainnet
0xb40c08ffedf2103cee1d5abd7791e448403e1e97,0,0,0,0xdb3d457d6605dca5d3e9a1a56715a510474c6108,1583062536,1583062536,ora,6710046000000000,1,0,mainnet
0xb42616e266cb0c6d34c1434f09b95ed50bb551ed,0,11,4,0xce7298e5ef1ae8af0573edc2ebd03ab0f837e214,1579292723,1579292723,Orochi DAO V2,77381307560324726,1,10,mainnet
0xb5a7deccdfa92187ae77de70994176f774732ded,0,0,0,0x85a363699c6864248a6ffca66e4a1a5ccf9f5567,1579457192,1579457192,genesis,7381090200000000,1,0,mainnet
0xb5cef5887a0b46d895cb1893b3cddc9a31607261,0,84,88,0x5b93ff82faaf241c15997ea3975419dddd8362c5,1587764315,1587764344,MetaClan,2071415396404659816,2,82,mainnet
0xb92bef11920dab44fd95ff14894accc9cccba096,0,0,0,0xb6dacfc9e6443f2546e9285ba4ae6359cdc20727,1576258534,1576258534,test,7454881104000000,1,0,mainnet
0xba7f8d7093a928929e7564c6c6e869863fade451,0,0,0,0xd247cf531b9374eb2ba115b68c3b4ebe6c64f5fb,1573516249,1573516249,SAINT FAME,6726252000000000,1,0,mainnet
0xbd6fa666fbb6fdeb4fc5eb36cdd5c87b069b24c1,0,54,48,0xbaf6e57a3940898fd21076b139d4ab231dcbbc5f,1569597708,1569597708,Raid Guild,595699469663279417,1,82,mainnet
0xbeb3e32355a933501c247e2dbde6e6ca2489bf3d,0,170,138,0xd26a3f686d43f2a62ba9eae2ff77e9f516d945b9,1586450411,1586450519,Raid Guild War Chest,9992089984747369543,2,198,mainnet
0xbf7b847ff199802daf98d3026f84f0616fed30bf,0,1,0,0x67168517c1d0835147e2bd66e40a602e9fb9cbd9,1581915247,1581915247,MontelunaDAO,39226066000000000,1,1,mainnet
0xbfac046994715590bdf62e6b5965d0f4565eb822,0,0,0,0x6a9641c3a0b980534804cc4980b5c345a0ea425b,1579418241,1579418241,Spread The Word,6710280000000000,1,0,mainnet
0xc0cbf4c4867fc1a0d8d03c4f170dcff70810d8f2,0,2,1,0x865c2f85c9fea1c6ac7f53de07554d68cb92ed88,1593116574,1593134553,The DAO DAO,45044481985183979,2,0,mainnet
0xc4cd59453b71ef6175dc3aa3393b7510ffa280a0,0,1,0,0xcf21152f14ec46a16552f341465eb258332761a5,1590449783,1590528141,Martian DAO,116511058000000000,2,1,mainnet
0xc7694cd015587e8ce621a4f0676cababa21ad7d8,0,0,0,0x64abc5b10c77d93be5038e7b4965d2f0d8279127,1589064877,1589064877,wagv,46970448000000000,1,0,mainnet
0xc9aad3fba09f46532cfbadef3d885386ca1aa9fe,0,4,1,0x202abc6cf98863ee0126c182ca325a33a867acba,1599701387,1599701498,DLPRO,511151175000000000,2,2,mainnet
0xca09277f288b255fb30fe990253e798f48a43715,0,0,0,0x75e207d0e6984e604bdbec050711b79db5e996d8,1574398680,1574398680,CryptoraDAO,6732978252000000,1,0,mainnet
0xcb46298767fb5d44c18313976c30d3eeb5071862,0,19,17,0xcbc749fae1a330bf0bd0f811ea6d485cbe5afed2,1595274415,1595274492,yEarn DAO ($YFI Community Funding),2701586004290464329,2,18,mainnet
0xcbab6a09cecd79d20a27e731ec30e9ec7a546abe,0,0,0,0x61ec9b1f9547705227fe4854d4e90356a3d0a286,1570499459,1570499459,0x7D1a4fC6Df3B16eB894004A4586A29f39Ba6d205,6729624000000000,1,0,mainnet
0xcc7dcdb700eed457c8180406d7d699877f4eee24,0,29,3,0x86fd6dd41bad636b5b3b9228bc5642fa0df392e8,1567284515,1567284515,TrojanDAO,912677115532554035,1,36,mainnet
0xcea6952b9d31b29c056c7b15b76e728ee5312222,0,1,1,0x4829012a4472c36db4862694b885ec52b8c793f1,1592164357,1592165407,Burn Club Network,47482527704900000,2,1,mainnet
0xd03b2e5cf5a01dd00f0cc5528b43e7529c089d8b,0,0,0,0xd3e9d60e4e4de615124d5239219f32946d10151d,1578965386,1578965386,Rocket Bank LP DAO,8387895000000000,1,0,mainnet
0xd2cf5d07750265706f563351f35940d86b121e30,0,0,0,0x2577a8539cb2194acd72f035dbb691ce5f406d3f,1570358965,1570358965,Avarice,7405392060000000,1,0,mainnet
0xd32ef859c95d8dd9e673bd150fbf89c648f11a8e,0,0,0,0xa8c47a6a43e9b211e05eb259a9abdb8472971314,1570570463,1570570463,DAOfest,6726060000000000,1,0,mainnet
0xd7cb71297625ce3b1351be36ee6144d0c987f06f,0,2,0,0x4dc6dfcbe05ea8444fceb59e14573be0c2ac5c9d,1582178239,1582178239,HelloWorldDAO,36044303280000000,1,1,mainnet
0xda6f46819152ce84a7e5f975024913320fe0007d,0,3,0,0x8db6b632d743aef641146dc943acb64957155388,1576739945,1576739945,johbaTestDAO,46810092300000000,1,2,mainnet
0xdc9dfef0a1992de7c656c9af674d51cf0277750a,0,0,0,0x5b93ff82faaf241c15997ea3975419dddd8362c5,1586658793,1586658942,Bankless Tactics Tuesday,413661643810524,2,0,mainnet
0xdec090a12f2e280b089daa225892d9efa8ed0ee8,0,57,15,0xd26a3f686d43f2a62ba9eae2ff77e9f516d945b9,1595705717,1595705776,HausDAO,5303502503737844495,2,53,mainnet
0xdfffd273bb9ef82214177d8255bf7e1652f1a63e,0,0,0,0x24be2f441cbe2cb1ced67a284b445bd366ca9e9d,1588967392,1588967392,HobbyHodlrs,67101900000000000,1,0,mainnet
0xe0b9cfd861de24553e68b05917a58af28695d04c,0,0,0,0x6f25865e0cd6aa0eaed6d7117b8bc6c848deed77,1581242284,1581242284,Song,8016837600000000,1,0,mainnet
0xe0e3aaac46e9f1147a1f1c6e0a48979cc2c0df51,0,0,0,0xd26a3f686d43f2a62ba9eae2ff77e9f516d945b9,1574374305,1574374305,FriendshipDAO,13455192000000000,1,0,mainnet
0xe3aa9ca8878efcde4990bcb6159445fe9843902f,0,1,0,0x5adb8209b5276a23426994298fe9900644f57924,1582569351,1582569351,Horizin,99893737000000000,1,1,mainnet
0xe4083b6f2eb1b29ccb4ce8cf862867a81b7ae6e3,0,0,0,0x85a363699c6864248a6ffca66e4a1a5ccf9f5567,1584660126,1584660355,Land Fund üåéüåçüåè,231783200000000,2,0,mainnet
0xe4e9cb9b13cf9abf61c3fcacb14d916a01d3ff29,0,0,0,0xd26a3f686d43f2a62ba9eae2ff77e9f516d945b9,1574113881,1574113881,Dolo DAO,13452120000000000,1,0,mainnet
0xe6d5b72d5433fc5584a7f6d01ddeead735b270e7,0,0,0,0x93e2f4f13c7a0fb0c15a0ff530f1f508a7ac14ef,1581701191,1581701191,BlackBoxDelta,33551220000000000,1,0,mainnet
0xe8a06e64812a06a12c170cecb15c6838f6d26637,0,0,0,0xafa8612aae19ac707ce0b0fc42615bb8690e7cad,1584438448,1584438448,SWEAT DAO,33550770000000000,1,0,mainnet
0xe917c7c6932a1b9393e8f2df6e3c2531b58e37db,0,2,0,0x69ef61afc3aa356e1ac97347119d75cbdabef534,1599537475,1599537576,POP DAO,254660527435265737,2,1,mainnet
0xe9d7e590171cb5080ab8dfd45850692a714260f0,0,41,22,0x8564191931dcdb6ef58f0ad5425b41a8586d2895,1598430489,1598466388,DeFi Omega,8694634138252696707,2,33,mainnet
0xeaa32c0fcc78c86e41fe031bbfa7ba695126dff1,0,0,0,0x9d31e30003f253563ff108bc60b16fdf2c93abb5,1580989811,1580989811,Buildao,26840400000000000,1,0,mainnet
0xeb02a1b9981b771dbf53500a9ba9bc01469452c3,0,2,0,0x9d31e30003f253563ff108bc60b16fdf2c93abb5,1600602920,1600602943,Sprout Treasury,227999192000000000,2,0,mainnet
0xec9728a48617ea11137d05c4d7a60164c14db672,0,0,0,0x0d97e169bd4f99418cab729ba5a84df44ea44f85,1576163925,1576163925,AmbassaDAOrs,26840832000000000,1,0,mainnet
0xee629a192374caf2a72cf1695c485c5c89611ef2,0,124,137,0x6dc43be93a8b5fd37dc16f24872babc6da5e5e3e,1589510449,1589816496,MetaCartel v2,10150678235556102364,2,127,mainnet
0xef8d82a94d5d199827c5bdaeac0e02b879b12b7a,0,0,0,0x1b158330eb18839f50649f4cb8f49954214866a3,1581149051,1581149051,FUTURE,6710100000000000,1,0,mainnet
0xf0cbba291d9809569d0a74ea56cd20253a421f8d,0,2,0,0xcc5ddc8ccd5b1e90bc42f998ec864ead0090a12b,1600723855,1600724015,MDAO,90501581391577923,2,2,mainnet
0xf251bd64dc9bb8a9e0180b0adf414799101bc3e8,0,3,0,0x865c2f85c9fea1c6ac7f53de07554d68cb92ed88,1593369563,1593370399,DAO DAO,79738757000000000,2,0,mainnet
0xf3e556b94378c1a1cbb1e4681b8660e04d3d8146,0,0,0,0xf3d9281fa183b74f32b96e1c5244596045f4ede8,1576169908,1576169908,BaoDao,26900328000000000,1,0,mainnet
0xf4ea80eacd51173c33ae154da6f6e852b5133ecc,0,0,0,0xc957fcd9be2dcd01385fdceb2b9f72f921a271ee,1571118468,1571118468,RobinDAO,7398771600000000,1,0,mainnet
0xf551b1c3822ba1062599e0f7d7db0a282ec4076b,0,0,0,0xd26a3f686d43f2a62ba9eae2ff77e9f516d945b9,1571429157,1571429157,Timebomb DAO,6726540000000000,1,0,mainnet
0xf556458cd4043b95bf7a0e3f89e9d78febdd5b72,0,0,0,0x52d79dc82a45b8bec3783d352c5cc49b083bd949,1575967984,1575967984,FREEVIRGIL,33550770000000000,1,0,mainnet
0xf7ca63ef8a17379d5d50e5ec6d5845dc58c3a64a,0,0,0,0xccb74148d315b0397da4e3c7482036dbadd762e5,1584075877,1584075877,SneakerDAO,691147716000000000,1,0,mainnet
0xf8484b3d9e8189d4743b0ecf35a87c58b76cee7b,0,0,0,0xced608aa29bb92185d9b6340adcbfa263dae075b,1594417251,1594417294,Metaverse DAO,3512421000000000,2,0,mainnet
0xfac8b74cfccbaf1c308d83f75832be860dd288c1,0,1,2,0xcc1adda87afde151eaecec718661eaa5e5402628,1583026764,1583026764,DAOjones,8398574000000000,1,1,mainnet
0xfc68a27ad5068ceacbc08a0d513f22a753878748,0,1,0,0x439116ccdcb4c7ddc68dbc1cc16332e955f1824f,1586273701,1586275185,test,3579330000000000,2,0,mainnet
0xfdd6d5c17d5d0fff346554a657f183b9a03720ea,0,1,0,0x9d31e30003f253563ff108bc60b16fdf2c93abb5,1603023910,1603023938,Sprout,27612901000000000,2,0,mainnet
0x0a54ce881647037867022ae592a404e1de34de0b,0,15,0,0x1b1e924a0a9c86a9023be9791bb81ecfb8cc4011,1599614540,1599614570,EmpanaDAO,17711022000000000,2,15,xdai
0x0dc128b2c7f6db23b1402bdaf7f98225bcdad7a5,0,0,0,0xced608aa29bb92185d9b6340adcbfa263dae075b,1597460165,1597460195,Braid Guild,187794000000000,2,0,xdai
0x1a28d5a16d11a1362d9203e8092af8345263425c,0,5,1,0xd26a3f686d43f2a62ba9eae2ff77e9f516d945b9,1596226400,1596226445,Quick DAO 9000,114708289000000000,2,3,xdai
0x1cd2cec56354c80c56009e242982eee6ad780877,0,0,0,0xd4225802b22aa19f97bfce638548dd1d3237029f,1603882600,1603882875,debookDAO,510000000000000,2,0,xdai
0x20c846db20b959b27bffa96b939c35f2422a4a82,0,79,6,0xced608aa29bb92185d9b6340adcbfa263dae075b,1595885130,1595885200,Xdai Hot Lunch,90927562000000000,2,6,xdai
0x22fcc76e8b7327fd7384fe003b2138b5523bee78,0,0,0,0x834912588b275d38d7f5595eaef88badfa606071,1599614710,1599614795,AsisteDao,187740000000000,2,0,xdai
0x2398561ded4265b492047e9e90fb0adf2a810492,0,1,0,0xb34de97d7f39fb175861a82269b5c14869078510,1601932790,1601932820,GlobalDevBrainTrust,789985000000000,2,0,xdai
0x283bdc900b6ec9397abb721c5bbff5ace46e0f50,0,84,25,0xced608aa29bb92185d9b6340adcbfa263dae075b,1597329965,1597330000,HausDAO,140431240162920000,2,106,xdai
0x2eb1aa060a8a684b94c0d64e2f4a5e805375f223,0,7,1,0xf62af1ae0aa967ee61d36f26dae2a79f0de929d4,1599036335,1599036395,BabelTrans,100006894000000000,2,6,xdai
0x39c201681ab651f9197ed90ff32fff911e8d4866,0,2,0,0x9ac9c636404c8d46d9eb966d7179983ba5a3941a,1597841825,1597841910,DAOSquare,2606549000000000,2,1,xdai
0x4088f46f3420a441edb3a8800a1894ec4ca28a3a,0,1,0,0x130093a5aebc07e78e16f0ecef09d1c45afd8178,1596304320,1596304405,WorldLaw Wardens,1178251000000000,2,0,xdai
0x46cc8fd90372cf36869f6a9b455f4209f6faa9bb,0,2,0,0xf62af1ae0aa967ee61d36f26dae2a79f0de929d4,1597744275,1597744320,B-Space,3355232000000000,2,2,xdai
0x4fa2752fbdc23a65dd9f07ff01fa6519a95318b7,0,6,2,0xfcf108ce27f043c8e620b823c2dcfc99e7ee3adf,1602998790,1602998820,Cacophony Worldwide,29361306000000000,2,5,xdai
0x55eafe832507e652c48b25a957bd3a15420aa805,0,12,4,0xa3564677fc4907a15c9a7eae1dbc1ae9ac57b8e1,1599598810,1599598830,HausRanger,51121111000000000,2,10,xdai
0x67f5a8bb3dabe4c71a7353dfeb0ed6ecaa07fb0a,0,6,0,0x4b037687c1c5159285a7defad3681f8e123d2478,1602758405,1602758435,Mapz.guide,4506976000000000,2,0,xdai
0x68a28c2878c1b6831231af419c82d9853fb8e50a,0,0,0,0x39f7e47a5b15a2d28e3e6314aa6bee450a2546dc,1598752830,1598752890,Legal Innovation,187884000000000,2,0,xdai
0x68f54458209ced59c153c75ee8945029f69e445c,0,0,0,0xb34de97d7f39fb175861a82269b5c14869078510,1602107065,1602107105,Sky Fountain Global Poverty Ending Foundation,189097000000000,2,0,xdai
0x6a50ef3d97fc55f15b4ccd0273c9f921d822c7a3,0,4,0,0xfcf108ce27f043c8e620b823c2dcfc99e7ee3adf,1602711735,1602711765,Just mucking around,3425510000000000,2,2,xdai
0x6ba077b7da1f2326e779a614ea823fac502b8676,0,0,0,0x2189f1d9fc5eef0d69aba0bad981e125a98abaec,1604303665,1604303800,DeepDAO xDAI Playground,188010000000000,2,0,xdai
0x78831a8cb88ba0a4685f185f4e153aa667112d4a,0,0,0,0x1165ca7edd8236b5a034b0edf72634ab69267663,1598709090,1598709260,Topos,187686000000000,2,0,xdai
0x78f96767012ae634c9a9554e7b46bcd29ae98cff,0,11,1,0xcd3819de87468620d8317cfcc165fd4114aa5090,1597867990,1597868015,Testing DAO,13979780000000000,2,9,xdai
0x7e1eaffa3193fd316b11eea2432ac1d393b45b4c,0,6,0,0x6fc46b64e3de0a4962d15a75129f39a9068c6f10,1598110305,1598110360,Anti-Federalist Papers Club,6194179000000000,2,4,xdai
0x7ed6356029b90d3a07af2cff63923063684160af,0,0,0,0x3d47801a361885d164f5899b253ee2b43c11ba8b,1601476715,1601476735,Test DAO,187740000000000,2,0,xdai
0x7fc3de87d15281fe46d00ccee0d87bdf98670567,0,3,1,0xf62af1ae0aa967ee61d36f26dae2a79f0de929d4,1598025005,1598025160,BabelDAO,289452199000000000,2,0,xdai
0x7fd5366cea0bd766734c66e6151b854842603465,0,0,0,0xa3564677fc4907a15c9a7eae1dbc1ae9ac57b8e1,1603309040,1603309065,MusicDAO,187740000000000,2,0,xdai
0x8131245d9ff0e9a6eb3c9db142f9b8dc180d6e87,0,2,0,0x855aeaea9f5eb0f4a4dcd88dfc8c394337798e67,1601760435,1601760475,WildSquadAppeared,1844162000000000,2,1,xdai
0x8133c4958576b0dfd06e5cdea73118ce3ca849e0,0,0,0,0xd03f3e6c1b7272aa1f2336c1856a74d759fd0a6a,1596238335,1596238550,XDAI BUDOKAI,187812000000000,2,0,xdai
0x85d7078c883c1a397976841366eff2952920676b,0,3,0,0x6fc46b64e3de0a4962d15a75129f39a9068c6f10,1598992595,1598992625,DAO Rush Week DAO,3223126000000000,2,3,xdai
0x8c0cd642600aa37057eb10c586eebfbd3880b8bf,0,47,0,0x68d36dcbdd7bbf206e27134f28103abe7cf972df,1597358010,1597358045,Haus of DAOs,37092408000000000,2,9,xdai
0x8d2ec7025957d09cfb0a8197f9aacd0dcc08b21a,0,21,7,0xe04885c3f1419c6e8495c33bdcf5f8387cd88846,1598997085,1598997125,HausPaladin,127420107000000000,2,21,xdai
0x905def314a0999df58960486ab4d7048dee53f8f,0,22,0,0x4744cda32be7b3e75b9334001da9ed21789d4c0d,1598658455,1598658480,Mol LeArt,29568239000000000,2,30,xdai
0x97ace434171c7eb426548afc4af188a3c973a38d,0,25,3,0x66b1de0f14a0ce971f7f248415063d44caf19398,1599686285,1599686310,STAKE DAO,39362460622211209,2,26,xdai
0x984993a7fdab79a06b3be23b02eac2bb3865fc2e,0,0,0,0x39f7e47a5b15a2d28e3e6314aa6bee450a2546dc,1599144645,1599146080,Prudence,187740000000000,2,0,xdai
0x9d47b37f50cd6b28fce67675f05aa93cc7e268d6,0,0,0,0x18bb987303a3455ba43850452cea7a586e37f41a,1601283705,1601306010,Blockchain Italia DAO,187974000000000,2,0,xdai
0xb4abc512610411682108513fd17c90e46c39d82e,0,23,2,0x6fc46b64e3de0a4962d15a75129f39a9068c6f10,1596397320,1596397370,üìú Federalist Papers Club,37470535671520000,2,24,xdai
0xc4f205194a05802e8dca84396ac7261f576de506,0,4,0,0x1b1e924a0a9c86a9023be9791bb81ecfb8cc4011,1601148780,1601148875,EmpanaDAO,6157507000000000,2,6,xdai
0xc71cf78d98dcd155559b9bf77a6b5cde44b7d881,0,10,1,0xced608aa29bb92185d9b6340adcbfa263dae075b,1603248830,1603248850,Achievmintry,14542982000000000,2,9,xdai
0xc8e0d7fd13eb3cbc19eb293d0e00b8386cc1b6f2,0,18,14,0xced608aa29bb92185d9b6340adcbfa263dae075b,1599502730,1599502750,HausMageSmiths,194442568576342000,2,28,xdai
0xcebee8c67ebbb53257c34c72f5c40dc1a0a34482,0,2,0,0x83ab8e31df35aa3281d630529c6f4bf5ac7f7abf,1596225620,1596225645,Pizza Man DAO,2424806000000000,2,0,xdai
0xcebf3e689bdf3739b2ea47c513be1c7d54c7719f,0,0,0,0x6fc46b64e3de0a4962d15a75129f39a9068c6f10,1597867970,1597868030,Testing,187722000000000,2,0,xdai
0xcf675780281d158cb1cb1796715cfaabbd46bc9d,0,6,1,0x15c6ac4cf1b5e49c44332fb0a1043ccab19db80a,1601166925,1601166945,xCrow,7567204000000000,2,5,xdai
0xd1924dc661a3e0563defe8e8028485211799e2b0,0,25,4,0x7136fbddd4dffa2369a9283b6e90a040318011ca,1600134265,1600134280,DAOhaus Alchemist,30994269000000000,2,18,xdai
0xd2f4978243a7ea6bea60ec26ddf93c4dc9b28a48,0,1,0,0x885f12b525218ca9377755f9a534ce230ac5d2d8,1601766440,1601766600,Test Guild,641791000000000,2,0,xdai
0xe3508853c106b4ef4e755a8406837262b44f233f,0,1,0,0xae91cb00c413a8d6089ba0bc8bf66fba47a912ea,1599841100,1599841140,MVP FUND,1324481000000000,2,1,xdai
0xe43daa98d97a68034bfc16fc0bdfada33fa04c6b,0,0,0,0x70c58b28f5e39da89bee0e6e8623e3faf51f0ed1,1599601775,1599601820,Test Guild,187776000000000,2,0,xdai
0xe63351ed084fb8c9fcc26c1706fa0e2af1e4fd81,0,0,0,0x3a3355805181ba5752cb52cebe8c95c0f3ed3d61,1599234895,1599235015,Nifty Pride,187794000000000,2,0,xdai
0xe9cdf86f94f1463ec0134f72da3506f46ad75113,0,0,0,0xced608aa29bb92185d9b6340adcbfa263dae075b,1598649195,1598651710,dsflkd sdfklnds,187866000000000,2,0,xdai
0xecfbf206d32c7ca0272028711799a781bfb6710d,0,4,0,0x7577485bf97924b4a74264b215d060bcd43f4971,1599358265,1599358310,TYAN Intergalactic,5826616000000000,2,5,xdai
0xf4830cfe861563523f292018f06348bd1b66bbd4,0,8,2,0xced608aa29bb92185d9b6340adcbfa263dae075b,1596230245,1596230375,Raid Guild Playground,10631635000000000,2,5,xdai
0xf75d8ee3ca15c9665e8e14eba3455f379d3e1bac,0,0,0,0xfa849619e9d240877f6a47b354934217250f1821,1601713495,1601713530,Crypto Investment 3.0,187974000000000,2,0,xdai
0xf8484b3d9e8189d4743b0ecf35a87c58b76cee7b,0,12,9,0xced608aa29bb92185d9b6340adcbfa263dae075b,1599065585,1599065630,RealQuickDao,15841251000000000,2,9,xdai
0xf9c1e08592795052517a7072fcf0143370adae5f,0,0,0,0x18bb987303a3455ba43850452cea7a586e37f41a,1601282155,1601305765,Blockchain Italia DAO,939870000000000,2,0,xdai
0xfdfd6522e27fc76e71607399eb3eb6eb380ef20e,0,0,0,0x18bb987303a3455ba43850452cea7a586e37f41a,1601286285,1601306095,Blockchain Italia,563706000000000,2,0,xdai
0xffb676765d521518ac5c0d4f4067a9db9b72901b,0,3,0,0x1b1e924a0a9c86a9023be9791bb81ecfb8cc4011,1598997685,1598997710,EmpanaDAO,1803974000000000,2,0,xdai
0xfac8b74cfccbaf1c308d83f75832be860dd288c1,0,1,2,0xcc1adda87afde151eaecec718661eaa5e5402628,1583026764,1583026764,DAOjones,8398574000000000,1,1,mainnet
0xfc68a27ad5068ceacbc08a0d513f22a753878748,0,1,0,0x439116ccdcb4c7ddc68dbc1cc16332e955f1824f,1586273701,1586275185,test,3579330000000000,2,0,mainnet
0xfdd6d5c17d5d0fff346554a657f183b9a03720ea,0,1,0,0x9d31e30003f253563ff108bc60b16fdf2c93abb5,1603023910,1603023938,Sprout,27612901000000000,2,0,mainnet
0xfdfd6522e27fc76e71607399eb3eb6eb380ef20e,0,0,0,0x18bb987303a3455ba43850452cea7a586e37f41a,1601286285,1601306095,Blockchain Italia,563706000000000,2,0,xdai
0xffb676765d521518ac5c0d4f4067a9db9b72901b,0,3,0,0x1b1e924a0a9c86a9023be9791bb81ecfb8cc4011,1598997685,1598997710,EmpanaDAO,1803974000000000,2,0,xdai
0xffb676765d521518ac5c0d4f4067a9db9b72901b,0,3,0,0x1b1e924a0a9c86a9023be9791bb81ecfb8cc4011,1598997685,1598997710,EmpanaDAO,1803974000000000,2,0,xdai
